series_id,step,event,score
08db4255286f,9352,onset,0.43209622465050707
08db4255286f,14405,wakeup,0.3998691936767799
08db4255286f,26583,onset,0.44479223135628626
08db4255286f,26961,wakeup,0.48455045443303624
08db4255286f,27263,onset,0.49517758107152354
08db4255286f,27911,wakeup,0.40624538665132126
08db4255286f,28084,onset,0.4126117089087815
08db4255286f,31327,wakeup,0.4133028968388044
08db4255286f,44210,onset,0.40814593202247107
08db4255286f,49067,wakeup,0.4047278457994643
08db4255286f,60317,onset,0.4341288257704751
08db4255286f,66350,wakeup,0.41664878384548765
08db4255286f,79193,onset,0.3779995986000174
08db4255286f,85296,wakeup,0.38049419082687413
08db4255286f,97984,onset,0.4266884221148443
08db4255286f,98259,wakeup,0.41936025376107566
08db4255286f,98682,onset,0.41004337162649473
08db4255286f,103535,wakeup,0.3122564153987178
08db4255286f,103586,onset,0.28547907045232246
08db4255286f,103807,wakeup,0.19343439703842616
08db4255286f,103863,onset,0.16167242114419322
08db4255286f,103879,wakeup,0.15000234517075867
08db4255286f,114246,onset,0.44532471737539503
08db4255286f,118833,wakeup,0.4206029131300115
08db4255286f,130742,onset,0.2995153716138781
08db4255286f,136281,wakeup,0.4037225501296986
08db4255286f,147549,onset,0.4323950529336387
08db4255286f,153413,wakeup,0.4108651332806127
08db4255286f,166200,onset,0.4332594245612647
08db4255286f,170737,wakeup,0.42310270356141905
08db4255286f,182571,onset,0.4231798963955419
08db4255286f,190380,wakeup,0.351351674664169
08db4255286f,190553,onset,0.2716684610640085
08db4255286f,190650,wakeup,0.23596201034876896
08db4255286f,202366,onset,0.3594865048961425
08db4255286f,206761,wakeup,0.41456122764187714
08db4255286f,219139,onset,0.4046749652500638
08db4255286f,225256,wakeup,0.2652928565301646
08db4255286f,236724,onset,0.36869813672765356
08db4255286f,236809,wakeup,0.3584559355838636
08db4255286f,236849,onset,0.3529618125024009
08db4255286f,243023,wakeup,0.26713917366162676
08db4255286f,243115,onset,0.27205046074494765
08db4255286f,243271,wakeup,0.32264409497557156
08db4255286f,252693,onset,0.41581849416264227
08db4255286f,257097,wakeup,0.4448411360610658
08db4255286f,269870,onset,0.3955109703453333
08db4255286f,274095,wakeup,0.4435644831122369
08db4255286f,286822,onset,0.41192714341265557
08db4255286f,291617,wakeup,0.4185873148142114
08db4255286f,303233,onset,0.4297374855916948
08db4255286f,303545,wakeup,0.3701695524733815
08db4255286f,304032,onset,0.43071578593087007
08db4255286f,310443,wakeup,0.3681370490394701
08db4255286f,323421,onset,0.4388017866244864
08db4255286f,328498,wakeup,0.3618155370970016
08db4255286f,328872,onset,0.36989074220737045
08db4255286f,329606,wakeup,0.33276057071202514
08db4255286f,340754,onset,0.4070219385213652
08db4255286f,344687,wakeup,0.42433524037075626
08db4255286f,357330,onset,0.402576593423391
08db4255286f,360749,wakeup,0.3864137820772346
08db4255286f,373183,onset,0.438439756330138
08db4255286f,377864,wakeup,0.43458989058730224
08db4255286f,391146,onset,0.39344833366178567
08db4255286f,398237,wakeup,0.28203734752819926
08db4255286f,398330,onset,0.2722923652028758
08db4255286f,398977,wakeup,0.25147214268489243
08db4255286f,399583,onset,0.36891138758647896
08db4255286f,399896,wakeup,0.31097484561735544
08db4255286f,408748,onset,0.36715787456328774
08db4255286f,408775,wakeup,0.373499477898517
08db4255286f,409466,onset,0.3796063998821395
08db4255286f,411351,wakeup,0.39430711812414554
08db4255286f,411757,onset,0.39781158427250846
08db4255286f,411845,wakeup,0.4176664289662328
08db4255286f,412340,onset,0.41779934516599904
08db4255286f,412375,wakeup,0.4165787011541078
08db4255286f,412384,onset,0.41634347475992106
08db4255286f,412593,wakeup,0.4211422592868796
08db4255286f,412789,onset,0.4121552687209593
08db4255286f,413821,wakeup,0.34269763891863503
08db4255286f,413880,onset,0.3460261378816878
08db4255286f,415020,wakeup,0.24467953630698827
08db4255286f,415042,onset,0.24808463903706884
08db4255286f,415074,wakeup,0.2540220251482011
08db4255286f,426846,onset,0.385423378697801
08db4255286f,426848,wakeup,0.3865840456124358
08db4255286f,427050,onset,0.385105238331836
08db4255286f,428655,wakeup,0.3981697273812522
08db4255286f,429361,onset,0.42874866539363354
08db4255286f,433542,wakeup,0.3065584255011226
08db4255286f,434169,onset,0.2500031629136286
08db4255286f,434350,wakeup,0.17955456377187723
0a96f4993bd7,8217,onset,0.4417626834390622
0a96f4993bd7,14952,wakeup,0.4367688654999059
0a96f4993bd7,26096,onset,0.4193804736279883
0a96f4993bd7,33776,wakeup,0.4401160055592852
0a96f4993bd7,44938,onset,0.41058111270920455
0a96f4993bd7,50933,wakeup,0.43005873869797934
0a96f4993bd7,60871,onset,0.4362809475736311
0a96f4993bd7,67045,wakeup,0.4471435183878681
0a96f4993bd7,77136,onset,0.43140944926044655
0a96f4993bd7,83924,wakeup,0.4342417970102518
0a96f4993bd7,94722,onset,0.4421270476582748
0a96f4993bd7,101041,wakeup,0.4375837057456321
0a96f4993bd7,112025,onset,0.4386925871764226
0a96f4993bd7,118710,wakeup,0.4309158880827399
0a96f4993bd7,129410,onset,0.4344903971404294
0a96f4993bd7,135948,wakeup,0.4318620926380794
0a96f4993bd7,148065,onset,0.4136647096595315
0a96f4993bd7,154367,wakeup,0.4238214541677423
0a96f4993bd7,155123,onset,0.41822776475511697
0a96f4993bd7,155140,wakeup,0.4185402100756646
0a96f4993bd7,166822,onset,0.3807962999013463
0a96f4993bd7,171658,wakeup,0.42481067074606366
0a96f4993bd7,182578,onset,0.42032141500536857
0a96f4993bd7,187910,wakeup,0.45247794984173983
0a96f4993bd7,198513,onset,0.44329248660704496
0a96f4993bd7,205318,wakeup,0.4087684977436126
0a96f4993bd7,215266,onset,0.4357015114197209
0a96f4993bd7,215378,wakeup,0.43313696269839747
0a96f4993bd7,215406,onset,0.43332954729230155
0a96f4993bd7,222310,wakeup,0.41743509832604714
0a96f4993bd7,232497,onset,0.4487066029779357
0a96f4993bd7,239565,wakeup,0.3961608300740435
0a96f4993bd7,249574,onset,0.43291474666255714
0a96f4993bd7,256808,wakeup,0.34652081575127675
0cfc06c129cc,7396,onset,0.41807883476958213
0cfc06c129cc,14055,wakeup,0.38055665180975695
0cfc06c129cc,24486,onset,0.3982502061924484
0cfc06c129cc,30965,wakeup,0.3947159305546574
0cfc06c129cc,41790,onset,0.4016002613167053
0cfc06c129cc,48072,wakeup,0.37683689759043487
0cfc06c129cc,59374,onset,0.3802057446230102
0cfc06c129cc,65325,wakeup,0.42189539469264953
0cfc06c129cc,76578,onset,0.4213652188468264
0cfc06c129cc,82494,wakeup,0.34931773061533566
0cfc06c129cc,94625,onset,0.40639881477936574
0cfc06c129cc,99905,wakeup,0.4221832757172963
0cfc06c129cc,110372,onset,0.3026161947042141
0cfc06c129cc,117311,wakeup,0.40597717895050295
0cfc06c129cc,128132,onset,0.3793319358010038
0cfc06c129cc,134570,wakeup,0.3948674426519312
0cfc06c129cc,145106,onset,0.42409570133800034
0cfc06c129cc,151202,wakeup,0.3868388168265245
0cfc06c129cc,162512,onset,0.42907522081862143
0cfc06c129cc,169016,wakeup,0.4216000668417213
0cfc06c129cc,180498,onset,0.41044255457631695
0cfc06c129cc,185450,wakeup,0.44191181950472724
0cfc06c129cc,198205,onset,0.3334329396267933
0cfc06c129cc,203609,wakeup,0.39836134553761426
0cfc06c129cc,214791,onset,0.34619454445146436
0cfc06c129cc,220444,wakeup,0.3936445438419555
0cfc06c129cc,231844,onset,0.3596219635740839
0cfc06c129cc,238085,wakeup,0.40849886954475506
0cfc06c129cc,249117,onset,0.45031787165202536
0cfc06c129cc,255401,wakeup,0.457466535386124
0cfc06c129cc,266726,onset,0.4293276447843476
0cfc06c129cc,272983,wakeup,0.41198110464191123
0cfc06c129cc,283945,onset,0.4326756965277497
0cfc06c129cc,290004,wakeup,0.43266913232563114
0cfc06c129cc,301551,onset,0.4454660963956577
0cfc06c129cc,307912,wakeup,0.4502773941676897
0cfc06c129cc,318355,onset,0.45014053333160736
0cfc06c129cc,324750,wakeup,0.41170838920732183
0cfc06c129cc,335727,onset,0.4169490570876173
0cfc06c129cc,342648,wakeup,0.3966321745157136
0cfc06c129cc,352477,onset,0.37376461354984747
0cfc06c129cc,352660,wakeup,0.2867925512122867
0cfc06c129cc,353328,onset,0.36755947766487723
0cfc06c129cc,353766,wakeup,0.2790543312121997
0cfc06c129cc,353978,onset,0.2685971858825778
0cfc06c129cc,359799,wakeup,0.3888096043216353
0cfc06c129cc,374645,onset,0.3155889624528456
0cfc06c129cc,375034,wakeup,0.2939484148688582
1087d7b0ff2e,7327,onset,0.41977180750691145
1087d7b0ff2e,12840,wakeup,0.4497618051691807
1087d7b0ff2e,20470,onset,0.20356533782282416
1087d7b0ff2e,20805,wakeup,0.24661800643511442
1087d7b0ff2e,21438,onset,0.22000443463448088
1087d7b0ff2e,21716,wakeup,0.22894027432121963
1087d7b0ff2e,21940,onset,0.1943128758086148
1087d7b0ff2e,24216,wakeup,0.40710604292706815
1087d7b0ff2e,24358,onset,0.39659975699441735
1087d7b0ff2e,29935,wakeup,0.42570167043813073
1087d7b0ff2e,41681,onset,0.3962362573334115
1087d7b0ff2e,46868,wakeup,0.42152629586319107
1087d7b0ff2e,59750,onset,0.37279511564669254
1087d7b0ff2e,65841,wakeup,0.41889376120013144
1087d7b0ff2e,77974,onset,0.35130482738771773
1087d7b0ff2e,82746,wakeup,0.3042590544661407
1087d7b0ff2e,83090,onset,0.276459462221354
1087d7b0ff2e,83306,wakeup,0.210776425080175
1087d7b0ff2e,83326,onset,0.20399580855468988
1087d7b0ff2e,83386,wakeup,0.17203760432335669
1087d7b0ff2e,83775,onset,0.22323010024093146
1087d7b0ff2e,84263,wakeup,0.2594633063260667
1087d7b0ff2e,84736,onset,0.3310602280481691
1087d7b0ff2e,84925,wakeup,0.2719426147945365
1087d7b0ff2e,91978,onset,0.41809139009186075
1087d7b0ff2e,92194,wakeup,0.42552601947765667
1087d7b0ff2e,93455,onset,0.36866538231759133
1087d7b0ff2e,98594,wakeup,0.4238144045888363
1087d7b0ff2e,111124,onset,0.3537995695276918
1087d7b0ff2e,111197,wakeup,0.3214575801808909
1087d7b0ff2e,111378,onset,0.3133064486001667
1087d7b0ff2e,115632,wakeup,0.45155793896684326
1087d7b0ff2e,126776,onset,0.3938475463864591
1087d7b0ff2e,131147,wakeup,0.4262981172273512
1087d7b0ff2e,131490,onset,0.40371323821219346
1087d7b0ff2e,134036,wakeup,0.4257258285317894
1087d7b0ff2e,146235,onset,0.3693764772878362
1087d7b0ff2e,152027,wakeup,0.3157575618935579
1087d7b0ff2e,152371,onset,0.3706473825884226
1087d7b0ff2e,152856,wakeup,0.3569634824779074
1087d7b0ff2e,153085,onset,0.2461657137360086
1087d7b0ff2e,153466,wakeup,0.2445002383923996
1087d7b0ff2e,162919,onset,0.34555150423789044
1087d7b0ff2e,162972,wakeup,0.3408416199504465
1087d7b0ff2e,163033,onset,0.35504292965071244
1087d7b0ff2e,163298,wakeup,0.3453085294327507
1087d7b0ff2e,163304,onset,0.34457017545458885
1087d7b0ff2e,163309,wakeup,0.342140766260443
1087d7b0ff2e,163416,onset,0.3434948212629385
1087d7b0ff2e,169118,wakeup,0.2652669622538566
1087d7b0ff2e,169149,onset,0.25400921216071537
1087d7b0ff2e,169186,wakeup,0.23672363418266656
1087d7b0ff2e,169380,onset,0.28819812033654074
1087d7b0ff2e,169428,wakeup,0.3132981932895993
1087d7b0ff2e,170284,onset,0.27862903940374245
1087d7b0ff2e,170609,wakeup,0.28930808290542126
1087d7b0ff2e,181327,onset,0.3868630162598255
1087d7b0ff2e,186881,wakeup,0.3402774740408482
1087d7b0ff2e,197069,onset,0.3570614298804791
1087d7b0ff2e,203642,wakeup,0.3216907331457919
1087d7b0ff2e,203668,onset,0.3202099582639431
1087d7b0ff2e,204163,wakeup,0.32172645774964986
1087d7b0ff2e,214483,onset,0.37956833947576785
1087d7b0ff2e,214745,wakeup,0.37738683334128525
1087d7b0ff2e,215291,onset,0.3147370056635126
1087d7b0ff2e,219280,wakeup,0.4390009970532571
1087d7b0ff2e,230729,onset,0.33170612870285093
1087d7b0ff2e,236737,wakeup,0.4307247531990193
1087d7b0ff2e,249563,onset,0.32079627306275427
1087d7b0ff2e,249923,wakeup,0.3707636151095475
1087d7b0ff2e,250383,onset,0.3758025887905035
1087d7b0ff2e,255502,wakeup,0.24230595246700032
1087d7b0ff2e,265691,onset,0.3909713802994063
1087d7b0ff2e,271276,wakeup,0.4217335655219696
1087d7b0ff2e,283038,onset,0.3936569879449209
1087d7b0ff2e,287805,wakeup,0.45744542802505617
1087d7b0ff2e,301678,onset,0.3026879746923231
1087d7b0ff2e,306243,wakeup,0.35699844970505756
1087d7b0ff2e,319623,onset,0.36222870164882975
1087d7b0ff2e,324901,wakeup,0.36753750540144325
1087d7b0ff2e,325639,onset,0.22744130042327582
1087d7b0ff2e,325923,wakeup,0.29983016240972626
1087d7b0ff2e,334081,onset,0.425178097601422
1087d7b0ff2e,334243,wakeup,0.4126947837784585
1087d7b0ff2e,336009,onset,0.29810320437939736
1087d7b0ff2e,336061,wakeup,0.3054784068687141
1087d7b0ff2e,336232,onset,0.3489106993758493
1087d7b0ff2e,340727,wakeup,0.41843511959819557
1087d7b0ff2e,352225,onset,0.38551682627666456
1087d7b0ff2e,357746,wakeup,0.4482055715679269
1087d7b0ff2e,368596,onset,0.403597084296799
1087d7b0ff2e,374677,wakeup,0.3932210990254754
1087d7b0ff2e,386526,onset,0.4248128757490031
1087d7b0ff2e,392206,wakeup,0.4362260029982892
1087d7b0ff2e,402794,onset,0.468244848088269
1087d7b0ff2e,403092,wakeup,0.47481137026172676
1087d7b0ff2e,404767,onset,0.342316583186075
1087d7b0ff2e,410850,wakeup,0.42412818856152823
10f8bc1f7b07,7255,onset,0.4222545002926218
10f8bc1f7b07,13478,wakeup,0.348133640512728
10f8bc1f7b07,24854,onset,0.40328463138530435
10f8bc1f7b07,31955,wakeup,0.3993304535461563
10f8bc1f7b07,41239,onset,0.3870712680361814
10f8bc1f7b07,48167,wakeup,0.375597726973316
10f8bc1f7b07,58971,onset,0.42247258312088887
10f8bc1f7b07,65312,wakeup,0.3403716302746278
10f8bc1f7b07,65365,onset,0.33985279235318994
10f8bc1f7b07,65421,wakeup,0.35044059428982277
10f8bc1f7b07,75291,onset,0.42665856934381824
10f8bc1f7b07,82239,wakeup,0.4374355486849255
10f8bc1f7b07,95161,onset,0.34011495076550335
10f8bc1f7b07,99376,wakeup,0.4107843083528706
10f8bc1f7b07,110558,onset,0.37858789613365423
10f8bc1f7b07,116580,wakeup,0.45450048239064617
10f8bc1f7b07,126933,onset,0.42748260151094647
10f8bc1f7b07,133705,wakeup,0.4152624721779828
10f8bc1f7b07,145263,onset,0.42370732149277907
10f8bc1f7b07,151459,wakeup,0.41405556410628086
10f8bc1f7b07,162812,onset,0.4042975660468536
10f8bc1f7b07,168338,wakeup,0.38219670406910466
10f8bc1f7b07,178836,onset,0.3525958020232706
10f8bc1f7b07,185663,wakeup,0.40980739890643236
10f8bc1f7b07,196233,onset,0.4186471211794735
10f8bc1f7b07,202815,wakeup,0.42638145674804684
10f8bc1f7b07,213348,onset,0.4304394525478234
10f8bc1f7b07,220127,wakeup,0.3948350495125412
10f8bc1f7b07,230879,onset,0.3516992542469336
10f8bc1f7b07,237166,wakeup,0.42851096326881555
10f8bc1f7b07,247849,onset,0.43822643636022524
10f8bc1f7b07,254668,wakeup,0.4133010817656348
10f8bc1f7b07,266341,onset,0.4317219428237094
10f8bc1f7b07,271632,wakeup,0.4118237855536303
10f8bc1f7b07,271847,onset,0.37269411704071426
10f8bc1f7b07,271998,wakeup,0.36748430445814156
10f8bc1f7b07,272060,onset,0.3696624172006833
10f8bc1f7b07,272271,wakeup,0.3823127931071013
10f8bc1f7b07,283749,onset,0.4340542891153973
10f8bc1f7b07,289818,wakeup,0.4111567264890672
10f8bc1f7b07,289848,onset,0.4123062461662478
10f8bc1f7b07,289890,wakeup,0.41336733038919
10f8bc1f7b07,289937,onset,0.41709985296979313
10f8bc1f7b07,290032,wakeup,0.41360950619680836
10f8bc1f7b07,299543,onset,0.3786273149018009
10f8bc1f7b07,306577,wakeup,0.4002191026490436
10f8bc1f7b07,316855,onset,0.3864278987952244
10f8bc1f7b07,323766,wakeup,0.3900749294407437
10f8bc1f7b07,334427,onset,0.3760708325651927
10f8bc1f7b07,341233,wakeup,0.436313871987027
10f8bc1f7b07,352219,onset,0.3917901431348643
10f8bc1f7b07,358489,wakeup,0.43821104812143385
10f8bc1f7b07,370120,onset,0.40027116784887234
10f8bc1f7b07,375866,wakeup,0.4313953454461099
10f8bc1f7b07,387435,onset,0.40125079128328833
10f8bc1f7b07,392288,wakeup,0.39680974217004905
18b61dd5aae8,4318,onset,0.44728721305288677
18b61dd5aae8,11942,wakeup,0.41459236673714783
18b61dd5aae8,21724,onset,0.45158425641992095
18b61dd5aae8,28498,wakeup,0.4424401817973397
18b61dd5aae8,37727,onset,0.44979775002378775
18b61dd5aae8,43808,wakeup,0.4740364942191158
18b61dd5aae8,56391,onset,0.4442951045958022
18b61dd5aae8,60800,wakeup,0.4613524352758775
18b61dd5aae8,73667,onset,0.4434874548609839
18b61dd5aae8,73671,wakeup,0.44320100751872393
18b61dd5aae8,73734,onset,0.44073591722978656
18b61dd5aae8,74088,wakeup,0.4412988981502353
18b61dd5aae8,74273,onset,0.4393227051173638
18b61dd5aae8,78080,wakeup,0.4470228140944134
18b61dd5aae8,91800,onset,0.42245779451934423
18b61dd5aae8,95369,wakeup,0.4600751185480507
18b61dd5aae8,108228,onset,0.4234002591287675
18b61dd5aae8,112646,wakeup,0.44854400306067593
18b61dd5aae8,126366,onset,0.4427937923208804
18b61dd5aae8,133645,wakeup,0.4514626256201362
18b61dd5aae8,144241,onset,0.42073158612401806
18b61dd5aae8,148005,wakeup,0.4454927942195765
18b61dd5aae8,160942,onset,0.45773588361178613
18b61dd5aae8,167327,wakeup,0.45140309714660704
18b61dd5aae8,177439,onset,0.4487926345382953
18b61dd5aae8,183513,wakeup,0.4273423444167112
18b61dd5aae8,194268,onset,0.45662024323469935
18b61dd5aae8,201493,wakeup,0.4138386941339288
18b61dd5aae8,201738,onset,0.4126189326722612
18b61dd5aae8,201775,wakeup,0.41298015780752434
18b61dd5aae8,201784,onset,0.41278261191892923
18b61dd5aae8,202119,wakeup,0.44125824873248876
18b61dd5aae8,211700,onset,0.4585608361327107
18b61dd5aae8,219415,wakeup,0.4374870948679208
18b61dd5aae8,229445,onset,0.45466505003925023
18b61dd5aae8,236221,wakeup,0.4321140515024595
18b61dd5aae8,246552,onset,0.43086688441941645
18b61dd5aae8,253122,wakeup,0.4204590782216209
18b61dd5aae8,253207,onset,0.4013846261468929
18b61dd5aae8,253754,wakeup,0.42755012878068094
18b61dd5aae8,253780,onset,0.4271448391363545
18b61dd5aae8,253854,wakeup,0.4304807864638463
18b61dd5aae8,253925,onset,0.42941582110033094
18b61dd5aae8,254146,wakeup,0.4485156294591848
18b61dd5aae8,254208,onset,0.44280688125156564
18b61dd5aae8,254258,wakeup,0.4390203877568589
18b61dd5aae8,254343,onset,0.4329652091611667
18b61dd5aae8,254391,wakeup,0.43495440749641284
18b61dd5aae8,263337,onset,0.445328942592069
18b61dd5aae8,270094,wakeup,0.4288484929873142
18b61dd5aae8,282752,onset,0.43710170998836445
18b61dd5aae8,288426,wakeup,0.426930125019489
18b61dd5aae8,288523,onset,0.4182543955392363
18b61dd5aae8,288761,wakeup,0.3877233407300709
18b61dd5aae8,297344,onset,0.4478788810619479
18b61dd5aae8,302759,wakeup,0.44775223130076186
18b61dd5aae8,315482,onset,0.45103406816709274
18b61dd5aae8,319876,wakeup,0.46012607308444864
18b61dd5aae8,333447,onset,0.4287400442445203
18b61dd5aae8,337743,wakeup,0.4369508756220234
18b61dd5aae8,337798,onset,0.4383468201661496
18b61dd5aae8,338336,wakeup,0.41823106110699687
18b61dd5aae8,338373,onset,0.4166919136142295
18b61dd5aae8,338486,wakeup,0.4068787939349759
18b61dd5aae8,349261,onset,0.44296480354628603
18b61dd5aae8,356562,wakeup,0.4278580067229858
18b61dd5aae8,367118,onset,0.44276182086980337
18b61dd5aae8,373514,wakeup,0.4391460033323063
18b61dd5aae8,383398,onset,0.435885144234914
18b61dd5aae8,383882,wakeup,0.44831262033467234
18b61dd5aae8,383899,onset,0.4483026107266274
18b61dd5aae8,391032,wakeup,0.4120988674638714
18b61dd5aae8,400591,onset,0.44677010724893346
18b61dd5aae8,401246,wakeup,0.4436895842602026
18b61dd5aae8,401278,onset,0.4440282200803399
18b61dd5aae8,406430,wakeup,0.4566265150207282
18b61dd5aae8,418168,onset,0.45147635533659747
18b61dd5aae8,423715,wakeup,0.4368924342261338
18b61dd5aae8,435992,onset,0.3950157923544855
18b61dd5aae8,440968,wakeup,0.45402234733360874
18b61dd5aae8,454007,onset,0.4215984824107896
18b61dd5aae8,458275,wakeup,0.4487061869079975
18b61dd5aae8,471387,onset,0.4372593693845603
18b61dd5aae8,475458,wakeup,0.4044215875463224
18b61dd5aae8,489304,onset,0.43446546287505805
18b61dd5aae8,494988,wakeup,0.45422175582574287
29c75c018220,8110,onset,0.41779004440203127
29c75c018220,13366,wakeup,0.4174783530522536
29c75c018220,25232,onset,0.4281649681717784
29c75c018220,30599,wakeup,0.4714362502876144
29c75c018220,42573,onset,0.4252560272908721
29c75c018220,47605,wakeup,0.389194128389534
29c75c018220,60399,onset,0.3559068187233655
29c75c018220,65516,wakeup,0.3281858939758843
29c75c018220,77720,onset,0.3890947892111171
29c75c018220,82893,wakeup,0.42542059254244685
29c75c018220,93050,onset,0.4584656436670781
29c75c018220,99536,wakeup,0.4025608656504381
29c75c018220,112091,onset,0.4056634452991626
29c75c018220,116990,wakeup,0.44200748877269397
29c75c018220,128694,onset,0.40507952980065803
29c75c018220,134292,wakeup,0.4493061254349197
29c75c018220,146682,onset,0.4010912489814667
29c75c018220,151530,wakeup,0.4259481574809332
29c75c018220,162956,onset,0.4349594071410571
29c75c018220,168843,wakeup,0.44768014355196656
29c75c018220,181807,onset,0.3791565122097168
29c75c018220,185929,wakeup,0.43432921089439364
29c75c018220,198309,onset,0.38893185990757906
29c75c018220,203464,wakeup,0.45275587810696993
29c75c018220,215399,onset,0.45429726246856095
29c75c018220,220760,wakeup,0.4617480258596172
29c75c018220,231809,onset,0.4135887844618377
29c75c018220,237970,wakeup,0.430382059295861
29c75c018220,250894,onset,0.3634146932833652
29c75c018220,251185,wakeup,0.3841841126290651
29c75c018220,251263,onset,0.3756874947105069
29c75c018220,251270,wakeup,0.3771690037104436
29c75c018220,251315,onset,0.3816442380709237
29c75c018220,255280,wakeup,0.3956802325093291
29c75c018220,266090,onset,0.41330479926400104
29c75c018220,267014,wakeup,0.38158131943720325
29c75c018220,267133,onset,0.40259485349349555
29c75c018220,272405,wakeup,0.43276944977282283
29c75c018220,285413,onset,0.38684963378633247
29c75c018220,289606,wakeup,0.4092566195651191
29c75c018220,302799,onset,0.41458648673882204
29c75c018220,306975,wakeup,0.43226547930647574
29c75c018220,319297,onset,0.43413169139669794
29c75c018220,324345,wakeup,0.4487107131043907
29c75c018220,335242,onset,0.46341910450791635
29c75c018220,341660,wakeup,0.4443889378868736
29c75c018220,353348,onset,0.41865201252751794
29c75c018220,359011,wakeup,0.4546822193373807
29c75c018220,370971,onset,0.43773283216342945
29c75c018220,376165,wakeup,0.4438321319622625
29c75c018220,389292,onset,0.33501617196980393
29c75c018220,389661,wakeup,0.31936978542523176
29c75c018220,389681,onset,0.317744895311586
29c75c018220,393575,wakeup,0.44394797259742375
29c75c018220,405227,onset,0.43525583519012734
29c75c018220,410862,wakeup,0.41448789387676843
29c75c018220,422564,onset,0.4100573841530835
29c75c018220,428227,wakeup,0.4211952741849087
29c75c018220,440196,onset,0.40954752545365913
29c75c018220,441395,wakeup,0.08938335917958157
29c75c018220,441798,onset,0.0313459732927751
29c75c018220,445373,wakeup,0.44864751621525456
29c75c018220,459183,onset,0.2138471380222494
29c75c018220,462225,wakeup,0.40356946860849424
3452b878e596,8779,onset,0.39750842285923155
3452b878e596,12199,wakeup,0.3924567856810494
3452b878e596,12586,onset,0.43030546577669204
3452b878e596,14414,wakeup,0.4237164173410464
3452b878e596,24718,onset,0.46966776639482616
3452b878e596,26309,wakeup,0.3700173236034723
3452b878e596,26872,onset,0.29478736781119386
3452b878e596,30967,wakeup,0.4350346456002508
3452b878e596,41007,onset,0.4787446705902635
3452b878e596,41419,wakeup,0.4742663026509669
3452b878e596,41951,onset,0.4774268791661053
3452b878e596,42201,wakeup,0.39568591239282225
3452b878e596,42638,onset,0.4116293308819661
3452b878e596,47803,wakeup,0.44889379540959273
3452b878e596,59443,onset,0.4574467522400781
3452b878e596,65059,wakeup,0.445450491063721
3452b878e596,76802,onset,0.4576996965606041
3452b878e596,82748,wakeup,0.4317341832929491
3452b878e596,94823,onset,0.41844693691450074
3452b878e596,100392,wakeup,0.43964475980635875
3452b878e596,110899,onset,0.43269530635468795
3452b878e596,117710,wakeup,0.4625410573365433
3452b878e596,127289,onset,0.4340749240154859
3452b878e596,130753,wakeup,0.4313735052943883
3452b878e596,132813,onset,0.4646165240988141
3452b878e596,133321,wakeup,0.49655688899153694
3452b878e596,133544,onset,0.4863453119134057
3452b878e596,134825,wakeup,0.4241284758259711
3452b878e596,145041,onset,0.44205958604023926
3452b878e596,147615,wakeup,0.41914820578422873
3452b878e596,148239,onset,0.4243091640491942
3452b878e596,150218,wakeup,0.4286224378329863
3452b878e596,163381,onset,0.4642380515448483
3452b878e596,168375,wakeup,0.457279770228156
3452b878e596,180446,onset,0.4474340638663157
3452b878e596,186135,wakeup,0.45263244061178093
3452b878e596,198018,onset,0.45310850624070537
3452b878e596,203433,wakeup,0.46215857453652204
3452b878e596,213541,onset,0.3986322953144473
3452b878e596,213881,wakeup,0.3732459382926359
3452b878e596,214816,onset,0.4540752310536945
3452b878e596,221427,wakeup,0.4312227480030434
3452b878e596,232057,onset,0.4744471599610787
3452b878e596,236817,wakeup,0.4345824811172868
3452b878e596,249537,onset,0.46182890008820754
3452b878e596,255388,wakeup,0.440879238825603
3452b878e596,267355,onset,0.3829032011418589
3452b878e596,272598,wakeup,0.43243813601022607
3452b878e596,285427,onset,0.45267177071488574
3452b878e596,289650,wakeup,0.45793100957937816
3452b878e596,300932,onset,0.45269217503609915
3452b878e596,306916,wakeup,0.44563674544573934
3452b878e596,319369,onset,0.44235183416797574
3452b878e596,326154,wakeup,0.4527447088269961
3452b878e596,336439,onset,0.4514874267737735
3452b878e596,342912,wakeup,0.44775065095059263
3452b878e596,353455,onset,0.4541785147515246
3452b878e596,358963,wakeup,0.4421736935446908
3452b878e596,372948,onset,0.37761586358853383
3452b878e596,377852,wakeup,0.4401035555555147
3452b878e596,387853,onset,0.4209357928215098
3452b878e596,393518,wakeup,0.44013408461936315
3452b878e596,404853,onset,0.4199994453144728
3452b878e596,410795,wakeup,0.4405543689513068
3452b878e596,422172,onset,0.4642282504761796
3452b878e596,427721,wakeup,0.45743390449736887
3452b878e596,441300,onset,0.40431083785453376
3452b878e596,446246,wakeup,0.4535213914910334
3452b878e596,459116,onset,0.3518899073108908
3452b878e596,459147,wakeup,0.3483781954517315
3452b878e596,459197,onset,0.346258540107103
3452b878e596,464307,wakeup,0.4316071459884603
3452b878e596,474506,onset,0.41911049566918296
3452b878e596,479974,wakeup,0.43238865014258787
3452b878e596,491654,onset,0.465070325717445
3452b878e596,497280,wakeup,0.44636461098149716
3452b878e596,508613,onset,0.4351789634260554
3452b878e596,514557,wakeup,0.42718926843206334
3452b878e596,526248,onset,0.4257132954385899
3452b878e596,531408,wakeup,0.45049330104829105
349c5562ee2c,7546,onset,0.4418579100974134
349c5562ee2c,12978,wakeup,0.3992326503515554
349c5562ee2c,24448,onset,0.44017650044215206
349c5562ee2c,30337,wakeup,0.4065266007609887
3664fe9233f9,2599,onset,0.413368417848076
3664fe9233f9,8785,wakeup,0.4231769946440777
3664fe9233f9,19450,onset,0.22642527462885295
3664fe9233f9,25856,wakeup,0.40186563959828425
3664fe9233f9,37780,onset,0.3419497823834723
3664fe9233f9,43366,wakeup,0.4431377347971804
3664fe9233f9,56220,onset,0.3321547892025067
3664fe9233f9,56575,wakeup,0.3049248334898029
3664fe9233f9,57316,onset,0.32272112537855724
3664fe9233f9,60593,wakeup,0.39960280832058837
3664fe9233f9,72776,onset,0.3298787664947428
3664fe9233f9,79176,wakeup,0.4004978077722274
3664fe9233f9,89191,onset,0.4190440572612783
3664fe9233f9,95787,wakeup,0.4240462351697108
3664fe9233f9,106631,onset,0.3706270476699928
3664fe9233f9,112500,wakeup,0.42749729681119314
3664fe9233f9,123228,onset,0.34813561416492456
3664fe9233f9,129577,wakeup,0.40644719505368526
3664fe9233f9,140074,onset,0.44825180565119493
3664fe9233f9,147024,wakeup,0.41525646108960984
3664fe9233f9,157923,onset,0.4129446426954957
3664fe9233f9,164344,wakeup,0.4457332837148617
3664fe9233f9,175052,onset,0.43169957078865956
3664fe9233f9,181606,wakeup,0.4218625207150316
3664fe9233f9,193246,onset,0.37542632395377495
3664fe9233f9,194340,wakeup,0.3081449972800483
3664fe9233f9,194397,onset,0.3076123389657274
3664fe9233f9,199808,wakeup,0.367477529064643
3664fe9233f9,210810,onset,0.37222296123282606
3664fe9233f9,216582,wakeup,0.33561272385876484
3664fe9233f9,216632,onset,0.33917413347826214
3664fe9233f9,217505,wakeup,0.3431692728794706
3664fe9233f9,228614,onset,0.3303711478844644
3664fe9233f9,233488,wakeup,0.4378936306416072
3664fe9233f9,243308,onset,0.3879646449940147
3664fe9233f9,250751,wakeup,0.41688717119513924
3664fe9233f9,261377,onset,0.4113815833758642
3664fe9233f9,267857,wakeup,0.4256850014455523
3664fe9233f9,278659,onset,0.43979633577884236
3664fe9233f9,285089,wakeup,0.4093810741942947
3664fe9233f9,296516,onset,0.42907716363088483
3664fe9233f9,302928,wakeup,0.420855145791714
3664fe9233f9,315573,onset,0.3667472143383882
3664fe9233f9,317537,wakeup,0.35144061196646226
3664fe9233f9,319211,onset,0.451395215601735
3664fe9233f9,323046,wakeup,0.3905913962223036
3664fe9233f9,332390,onset,0.38577339349697604
3664fe9233f9,338294,wakeup,0.4266055460118379
3664fe9233f9,349957,onset,0.36361045111311835
3664fe9233f9,356844,wakeup,0.37352790644101713
3664fe9233f9,367523,onset,0.36707173322523295
3664fe9233f9,373258,wakeup,0.4052291951103952
483d6545417f,6989,onset,0.4465654920815449
483d6545417f,8797,wakeup,0.37836670700044295
483d6545417f,8848,onset,0.36199526578346325
483d6545417f,13542,wakeup,0.3984992726012787
483d6545417f,24984,onset,0.434358056117861
483d6545417f,30943,wakeup,0.4303456178198075
483d6545417f,41198,onset,0.33394529037645465
483d6545417f,48057,wakeup,0.4014743198131477
483d6545417f,58790,onset,0.3031665237632009
483d6545417f,65421,wakeup,0.4074365269001261
483d6545417f,76455,onset,0.3387237414066244
483d6545417f,82346,wakeup,0.36648388901045287
483d6545417f,82663,onset,0.4073487890263328
483d6545417f,82776,wakeup,0.40549913169139634
483d6545417f,93747,onset,0.2797677275526388
483d6545417f,99887,wakeup,0.39537637995924735
483d6545417f,110698,onset,0.3810937411559425
483d6545417f,117119,wakeup,0.39196446015981995
483d6545417f,128541,onset,0.3804224176689411
483d6545417f,134495,wakeup,0.399151891210183
483d6545417f,134545,onset,0.4013719991705888
483d6545417f,134651,wakeup,0.41119266503945473
483d6545417f,145341,onset,0.446884117461979
483d6545417f,151667,wakeup,0.41084423284457466
483d6545417f,162726,onset,0.43652589033694456
483d6545417f,168969,wakeup,0.37614135748380045
483d6545417f,180257,onset,0.41704526707912154
483d6545417f,186409,wakeup,0.374002050328256
483d6545417f,186411,onset,0.3737743012284793
483d6545417f,186420,wakeup,0.3721976336226739
483d6545417f,186571,onset,0.3593282539927298
483d6545417f,188597,wakeup,0.2569200435084922
483d6545417f,198137,onset,0.4094238945167109
483d6545417f,204170,wakeup,0.4192084143513864
483d6545417f,215141,onset,0.45295768871108905
483d6545417f,221759,wakeup,0.42477681067662626
483d6545417f,232088,onset,0.45577643115276234
483d6545417f,235165,wakeup,0.38558296949325155
483d6545417f,235682,onset,0.42446338980186815
483d6545417f,238162,wakeup,0.3744666831229825
483d6545417f,248836,onset,0.44872551285228046
483d6545417f,255522,wakeup,0.38125472046200154
483d6545417f,266246,onset,0.4277466036081899
483d6545417f,272774,wakeup,0.39086336593457116
483d6545417f,283647,onset,0.3915472753215981
483d6545417f,287303,wakeup,0.460149294976165
55a47ff9dc8a,5698,onset,0.28156544468809525
55a47ff9dc8a,6736,wakeup,0.31473238683426524
55a47ff9dc8a,7632,onset,0.3698915388936246
55a47ff9dc8a,13651,wakeup,0.3485882384785911
55a47ff9dc8a,25128,onset,0.36387023855650663
55a47ff9dc8a,30606,wakeup,0.4420200432385478
55a47ff9dc8a,40543,onset,0.24349025482316772
55a47ff9dc8a,41977,wakeup,0.39536374381233197
55a47ff9dc8a,42238,onset,0.3301658476651087
55a47ff9dc8a,42244,wakeup,0.32853577561927616
55a47ff9dc8a,42252,onset,0.3263114063650779
55a47ff9dc8a,47613,wakeup,0.39150902297457313
55a47ff9dc8a,57607,onset,0.4240972911328988
55a47ff9dc8a,64876,wakeup,0.4354427440003302
55a47ff9dc8a,75288,onset,0.4413926242820604
55a47ff9dc8a,82470,wakeup,0.3632625424252103
55a47ff9dc8a,91968,onset,0.38068163213090206
55a47ff9dc8a,99162,wakeup,0.4081936831013455
55a47ff9dc8a,109251,onset,0.43194011287930084
55a47ff9dc8a,116472,wakeup,0.36657541329272453
55a47ff9dc8a,126697,onset,0.3402168411263195
55a47ff9dc8a,126759,wakeup,0.3551544666287335
55a47ff9dc8a,126800,onset,0.3535850950529619
55a47ff9dc8a,126808,wakeup,0.35416630232563834
55a47ff9dc8a,126812,onset,0.35547106527605826
55a47ff9dc8a,127728,wakeup,0.3826628810057489
55a47ff9dc8a,128120,onset,0.37026873682934697
55a47ff9dc8a,133744,wakeup,0.4211262701712336
55a47ff9dc8a,144422,onset,0.41670720916928694
55a47ff9dc8a,151932,wakeup,0.3930878703993011
55a47ff9dc8a,161749,onset,0.431607929531103
55a47ff9dc8a,168365,wakeup,0.38703406199506274
55a47ff9dc8a,178900,onset,0.4028322198315768
55a47ff9dc8a,185929,wakeup,0.3588827917662261
55a47ff9dc8a,196084,onset,0.43515023081009696
55a47ff9dc8a,203049,wakeup,0.41758433368769554
55a47ff9dc8a,213867,onset,0.4006131638368226
55a47ff9dc8a,220433,wakeup,0.36024794729426823
55a47ff9dc8a,220449,onset,0.36377836679292985
55a47ff9dc8a,220462,wakeup,0.36505851744906476
55a47ff9dc8a,230567,onset,0.43508632661660185
55a47ff9dc8a,237603,wakeup,0.4292761373290864
55a47ff9dc8a,248662,onset,0.42630781577253535
55a47ff9dc8a,252362,wakeup,0.4081000451671428
55a47ff9dc8a,264985,onset,0.3833645376464296
55a47ff9dc8a,272451,wakeup,0.37849294402002104
55a47ff9dc8a,272613,onset,0.3761032812623814
55a47ff9dc8a,272622,wakeup,0.37938959493863683
55a47ff9dc8a,272693,onset,0.40686490662725555
55a47ff9dc8a,272714,wakeup,0.40535748164068286
55a47ff9dc8a,273310,onset,0.4124003678869849
55a47ff9dc8a,273368,wakeup,0.4148492589121496
55a47ff9dc8a,282138,onset,0.3803946598341946
55a47ff9dc8a,283767,wakeup,0.3783032644054929
55a47ff9dc8a,283858,onset,0.37134795195428477
55a47ff9dc8a,289578,wakeup,0.40053432795921723
55a47ff9dc8a,299371,onset,0.33880572640523354
55a47ff9dc8a,306923,wakeup,0.4524778561550691
55a47ff9dc8a,317125,onset,0.34733194351795776
55a47ff9dc8a,324458,wakeup,0.32500046919173164
55a47ff9dc8a,333791,onset,0.39987321219263555
55a47ff9dc8a,341804,wakeup,0.4307267901617406
55a47ff9dc8a,351373,onset,0.4060624434520464
55a47ff9dc8a,353175,wakeup,0.3653970993508529
55a47ff9dc8a,353224,onset,0.3643069514033445
55a47ff9dc8a,358339,wakeup,0.41560993761064624
55a47ff9dc8a,368738,onset,0.43408062396110253
55a47ff9dc8a,376112,wakeup,0.4348347832297387
55a47ff9dc8a,386060,onset,0.42475331627717616
55a47ff9dc8a,392629,wakeup,0.40042758142092194
55a47ff9dc8a,407880,onset,0.4195224224154244
55a47ff9dc8a,408151,wakeup,0.3945110865569959
5acc9d63b5fd,5177,onset,0.4000942249549711
5acc9d63b5fd,12146,wakeup,0.3768896761641175
5acc9d63b5fd,12418,onset,0.2552103247434882
5acc9d63b5fd,13258,wakeup,0.25196497345771257
5acc9d63b5fd,22211,onset,0.34884739294155986
5acc9d63b5fd,28961,wakeup,0.33531672928983464
5acc9d63b5fd,40005,onset,0.35523431465877126
5acc9d63b5fd,46809,wakeup,0.26120795262227575
5acc9d63b5fd,56225,onset,0.3445845015399733
5acc9d63b5fd,62375,wakeup,0.37455066343436066
5acc9d63b5fd,74835,onset,0.397442330655319
5acc9d63b5fd,79921,wakeup,0.43410261090064833
5acc9d63b5fd,91857,onset,0.35518507579656466
5acc9d63b5fd,97225,wakeup,0.40913617098111843
5acc9d63b5fd,109036,onset,0.40743029758369487
5acc9d63b5fd,114417,wakeup,0.37493277005536974
5acc9d63b5fd,126018,onset,0.38990941260281375
5acc9d63b5fd,131701,wakeup,0.40115297132099237
5acc9d63b5fd,144186,onset,0.3517676198995514
5acc9d63b5fd,150191,wakeup,0.40343323046390617
5acc9d63b5fd,160622,onset,0.4191197690409323
5acc9d63b5fd,160950,wakeup,0.2721184881456971
5acc9d63b5fd,161220,onset,0.25063436794882876
5acc9d63b5fd,167750,wakeup,0.2718598201714468
5acc9d63b5fd,167962,onset,0.2640135165706789
5acc9d63b5fd,168426,wakeup,0.3048421521089355
5acc9d63b5fd,178059,onset,0.35848341223936364
5acc9d63b5fd,183551,wakeup,0.35853880845953495
5acc9d63b5fd,195369,onset,0.445774839973362
5acc9d63b5fd,200929,wakeup,0.3528515757849296
5acc9d63b5fd,211844,onset,0.4249001097772248
5acc9d63b5fd,218172,wakeup,0.39290960216608994
5acc9d63b5fd,229992,onset,0.4119647219828804
5acc9d63b5fd,236361,wakeup,0.4209162744105846
5acc9d63b5fd,247950,onset,0.3758162378911796
5acc9d63b5fd,253970,wakeup,0.2989384838197211
5acc9d63b5fd,254409,onset,0.29882513093157465
5acc9d63b5fd,254915,wakeup,0.3252183148238422
5acc9d63b5fd,266035,onset,0.36850326561931707
5acc9d63b5fd,270558,wakeup,0.4007783836229812
5acc9d63b5fd,278161,onset,0.24872981891630427
5acc9d63b5fd,278352,wakeup,0.2735631992187204
5acc9d63b5fd,278913,onset,0.24271127949010973
5acc9d63b5fd,279584,wakeup,0.36388672272716654
5acc9d63b5fd,279614,onset,0.3633615551947015
5acc9d63b5fd,287900,wakeup,0.39287172891829913
5acc9d63b5fd,288188,onset,0.33638477790296095
5acc9d63b5fd,288636,wakeup,0.4210316718689826
5acc9d63b5fd,299334,onset,0.37861267056855696
5acc9d63b5fd,304471,wakeup,0.4260591954842891
5acc9d63b5fd,316178,onset,0.4180871716521193
5acc9d63b5fd,321520,wakeup,0.4001290945827841
5acc9d63b5fd,333331,onset,0.42500120805029024
5acc9d63b5fd,339015,wakeup,0.38656868532460037
5acc9d63b5fd,350023,onset,0.46064598887108915
5acc9d63b5fd,356295,wakeup,0.3353902517916838
5acc9d63b5fd,367155,onset,0.43724629327566705
5acc9d63b5fd,373193,wakeup,0.3941161698743517
5acc9d63b5fd,384834,onset,0.36907870799137954
5acc9d63b5fd,392441,wakeup,0.31847310031337933
5acc9d63b5fd,392459,onset,0.313235890954655
5acc9d63b5fd,392472,wakeup,0.31458179909391837
5acc9d63b5fd,392701,onset,0.32905363503075513
5acc9d63b5fd,392806,wakeup,0.3217766926886395
5acc9d63b5fd,392841,onset,0.31627623572945246
5acc9d63b5fd,393159,wakeup,0.25444456902415846
5acc9d63b5fd,403607,onset,0.3696336285990613
5acc9d63b5fd,407835,wakeup,0.4435199306220348
5f94bb3e1bed,5463,onset,0.4090868705923669
5f94bb3e1bed,10810,wakeup,0.4189212958880947
5f94bb3e1bed,23250,onset,0.32691550424147015
5f94bb3e1bed,28505,wakeup,0.3877881806767138
5f94bb3e1bed,28708,onset,0.38530001037695477
5f94bb3e1bed,29223,wakeup,0.45248183329400765
5f94bb3e1bed,40165,onset,0.40944651014059447
5f94bb3e1bed,46606,wakeup,0.41788400051748675
5f94bb3e1bed,57067,onset,0.3841268394219353
5f94bb3e1bed,63823,wakeup,0.4265743042763382
5f94bb3e1bed,74666,onset,0.39888017069507237
5f94bb3e1bed,81087,wakeup,0.4280593548655773
5f94bb3e1bed,92462,onset,0.3426230509328586
5f94bb3e1bed,97928,wakeup,0.4323164650373566
5f94bb3e1bed,109354,onset,0.38525379956515093
5f94bb3e1bed,115191,wakeup,0.43459515469260773
5f94bb3e1bed,126368,onset,0.4199185688913882
5f94bb3e1bed,132928,wakeup,0.44173603945147066
5f94bb3e1bed,143739,onset,0.4125229572486858
5f94bb3e1bed,149223,wakeup,0.4259193652626197
5f94bb3e1bed,160401,onset,0.4330373170304105
5f94bb3e1bed,167283,wakeup,0.42194468031218846
5f94bb3e1bed,178375,onset,0.39353846421960387
5f94bb3e1bed,185338,wakeup,0.456268388846678
5f94bb3e1bed,195931,onset,0.33041136242958524
5f94bb3e1bed,202087,wakeup,0.376190345163746
5f94bb3e1bed,212799,onset,0.41561660924501603
5f94bb3e1bed,218801,wakeup,0.4201957143926822
5f94bb3e1bed,218978,onset,0.4194320829282479
5f94bb3e1bed,219704,wakeup,0.4417876214192385
5f94bb3e1bed,230359,onset,0.4033136630199568
5f94bb3e1bed,236801,wakeup,0.4176927819999508
5f94bb3e1bed,237013,onset,0.4266095548025987
5f94bb3e1bed,237211,wakeup,0.4467737357643547
5f94bb3e1bed,248492,onset,0.4047726916688674
5f94bb3e1bed,254144,wakeup,0.41527710470725687
5f94bb3e1bed,265522,onset,0.30219252590995493
5f94bb3e1bed,271163,wakeup,0.4347020851435675
5f94bb3e1bed,282190,onset,0.38710625790343817
5f94bb3e1bed,288186,wakeup,0.4259697939371574
5f94bb3e1bed,288198,onset,0.4248886502047349
5f94bb3e1bed,288768,wakeup,0.4424192330231828
5f94bb3e1bed,300671,onset,0.3266585401227498
5f94bb3e1bed,306234,wakeup,0.40598138420871843
5f94bb3e1bed,318269,onset,0.4037938683001782
5f94bb3e1bed,323376,wakeup,0.40147009115599513
5f94bb3e1bed,334021,onset,0.3558357890935639
5f94bb3e1bed,334400,wakeup,0.36289090583865014
5f94bb3e1bed,334801,onset,0.3536960803480726
5f94bb3e1bed,340380,wakeup,0.4142963736915736
5f94bb3e1bed,340482,onset,0.4202564569296334
5f94bb3e1bed,340976,wakeup,0.43232243169923584
5f94bb3e1bed,341417,onset,0.41449653697681066
5f94bb3e1bed,341875,wakeup,0.4205486497564442
5f94bb3e1bed,351466,onset,0.3354565181694172
5f94bb3e1bed,351467,wakeup,0.3360605477763254
5f94bb3e1bed,351469,onset,0.33684183808927737
5f94bb3e1bed,351477,wakeup,0.33928070645981223
5f94bb3e1bed,351632,onset,0.3379199027907419
5f94bb3e1bed,351693,wakeup,0.33652643981682046
5f94bb3e1bed,351705,onset,0.3371590946059481
5f94bb3e1bed,351832,wakeup,0.3319675280441705
5f94bb3e1bed,352316,onset,0.3003091320646056
5f94bb3e1bed,357746,wakeup,0.41239063900459805
5f94bb3e1bed,358105,onset,0.41108851952932834
5f94bb3e1bed,358397,wakeup,0.4217452548586377
5f94bb3e1bed,369452,onset,0.2840780343481573
5f94bb3e1bed,375619,wakeup,0.40384930815378095
5f94bb3e1bed,375749,onset,0.40612995959929327
5f94bb3e1bed,375783,wakeup,0.4049843090482209
5f94bb3e1bed,375794,onset,0.40522439013000533
5f94bb3e1bed,375810,wakeup,0.406557872729156
5f94bb3e1bed,387228,onset,0.3629001183136117
5f94bb3e1bed,392250,wakeup,0.42951678769076945
5f94bb3e1bed,403181,onset,0.3634933190126498
5f94bb3e1bed,404235,wakeup,0.4406779013109867
655f19eabf1e,6402,onset,0.4545636485587125
655f19eabf1e,12873,wakeup,0.4151708791860742
655f19eabf1e,25011,onset,0.44155057700541306
655f19eabf1e,30220,wakeup,0.41784212350602623
655f19eabf1e,42910,onset,0.41129014569972316
655f19eabf1e,47697,wakeup,0.42387607053715504
655f19eabf1e,58260,onset,0.4552809467497228
655f19eabf1e,65242,wakeup,0.4367030813514503
655f19eabf1e,75938,onset,0.4202021274829384
655f19eabf1e,82662,wakeup,0.42197200111642863
655f19eabf1e,94136,onset,0.41042767805543606
655f19eabf1e,100035,wakeup,0.4081603413743176
655f19eabf1e,110799,onset,0.4383234406314589
655f19eabf1e,110992,wakeup,0.28154930232476827
655f19eabf1e,111023,onset,0.26806704315534347
655f19eabf1e,117189,wakeup,0.4240449212896974
655f19eabf1e,128890,onset,0.4082379185970931
655f19eabf1e,134482,wakeup,0.4407646780995254
655f19eabf1e,145510,onset,0.415110545980049
655f19eabf1e,151995,wakeup,0.32486963269274255
655f19eabf1e,162994,onset,0.45235560644892064
655f19eabf1e,169288,wakeup,0.41713023822622247
655f19eabf1e,169328,onset,0.4187674936561554
655f19eabf1e,169438,wakeup,0.41316638085025753
655f19eabf1e,169594,onset,0.41289361974193145
655f19eabf1e,170485,wakeup,0.41522454794439595
655f19eabf1e,170758,onset,0.3904385575904219
655f19eabf1e,170765,wakeup,0.39007607222818697
655f19eabf1e,170918,onset,0.3232937917758623
655f19eabf1e,170955,wakeup,0.3013901943118887
655f19eabf1e,179036,onset,0.42002457179948827
655f19eabf1e,186388,wakeup,0.4377147131589866
655f19eabf1e,197558,onset,0.3761687328114564
655f19eabf1e,198270,wakeup,0.30182638650998483
655f19eabf1e,198330,onset,0.3283665575997683
655f19eabf1e,203665,wakeup,0.4208092030693539
655f19eabf1e,214938,onset,0.42761014221734395
655f19eabf1e,221040,wakeup,0.4437151770737707
655f19eabf1e,231673,onset,0.42744425600934166
655f19eabf1e,238328,wakeup,0.4204009339182646
655f19eabf1e,249151,onset,0.4354310896771707
655f19eabf1e,255522,wakeup,0.4004925127612632
655f19eabf1e,267322,onset,0.4335949444491547
655f19eabf1e,272746,wakeup,0.4436197639406711
655f19eabf1e,284400,onset,0.4272473848499371
655f19eabf1e,290472,wakeup,0.4354670963980604
655f19eabf1e,300577,onset,0.4230716445224548
655f19eabf1e,307448,wakeup,0.4217656095096009
655f19eabf1e,318142,onset,0.3955372159816453
655f19eabf1e,324647,wakeup,0.40819494256889227
655f19eabf1e,335137,onset,0.43658410450583407
655f19eabf1e,341871,wakeup,0.42486698611888646
655f19eabf1e,353269,onset,0.4350854773297823
655f19eabf1e,359506,wakeup,0.40868455194222336
655f19eabf1e,370811,onset,0.42634611344436246
655f19eabf1e,376911,wakeup,0.42033060087548724
67f5fc60e494,5978,onset,0.3884386499698566
67f5fc60e494,12840,wakeup,0.3486675153574189
67f5fc60e494,23610,onset,0.41889512015051245
67f5fc60e494,30326,wakeup,0.4331683939712717
67f5fc60e494,41631,onset,0.3760829202597844
67f5fc60e494,47640,wakeup,0.40002767847033427
67f5fc60e494,58585,onset,0.43101468880724797
67f5fc60e494,65501,wakeup,0.4149126701457277
67f5fc60e494,75130,onset,0.3986761045310109
67f5fc60e494,82656,wakeup,0.4137765448063262
67f5fc60e494,92429,onset,0.44616196463623015
67f5fc60e494,99703,wakeup,0.38378949941633894
67f5fc60e494,110064,onset,0.41139007049348414
67f5fc60e494,116987,wakeup,0.35801957393369904
67f5fc60e494,127221,onset,0.3606671660052553
67f5fc60e494,129160,wakeup,0.367131746060063
67f5fc60e494,129438,onset,0.3296107617803602
67f5fc60e494,134697,wakeup,0.3188599414269579
67f5fc60e494,144595,onset,0.3997452808741778
67f5fc60e494,145511,wakeup,0.36367050291569525
67f5fc60e494,145753,onset,0.3748270373874734
67f5fc60e494,151630,wakeup,0.40383765808466854
67f5fc60e494,162145,onset,0.4201517006138298
67f5fc60e494,168870,wakeup,0.44287111595688183
67f5fc60e494,179302,onset,0.44009031124734665
67f5fc60e494,180107,wakeup,0.38969485831158623
67f5fc60e494,180564,onset,0.3329277476368131
67f5fc60e494,186311,wakeup,0.4208708356264053
67f5fc60e494,196400,onset,0.3818219077125118
67f5fc60e494,198186,wakeup,0.3665641942055805
67f5fc60e494,198254,onset,0.3656976927326661
67f5fc60e494,198278,wakeup,0.3642564945434315
67f5fc60e494,198347,onset,0.36283910568007804
67f5fc60e494,203711,wakeup,0.3720125883176948
67f5fc60e494,213593,onset,0.3573846451002208
67f5fc60e494,215503,wakeup,0.3205895656776105
67f5fc60e494,215698,onset,0.30939294202178286
67f5fc60e494,221000,wakeup,0.35311811445759544
67f5fc60e494,231018,onset,0.3905034442167721
67f5fc60e494,232324,wakeup,0.38642341373112526
67f5fc60e494,232413,onset,0.38961317871987133
67f5fc60e494,238192,wakeup,0.3915416138232312
67f5fc60e494,238250,onset,0.39213575017057967
67f5fc60e494,238317,wakeup,0.3953228698683218
67f5fc60e494,248584,onset,0.3933241363652207
67f5fc60e494,249199,wakeup,0.3751619564247532
67f5fc60e494,249736,onset,0.4038767265016829
67f5fc60e494,256320,wakeup,0.4105762936538643
67f5fc60e494,266211,onset,0.3745166602213165
67f5fc60e494,272850,wakeup,0.3673743169158106
67f5fc60e494,272947,onset,0.3829064592950308
67f5fc60e494,273202,wakeup,0.40077649249721464
67f5fc60e494,283494,onset,0.4023462232676378
67f5fc60e494,290149,wakeup,0.43483091392556183
67f5fc60e494,300128,onset,0.389882851144774
67f5fc60e494,307539,wakeup,0.32540320984475396
67f5fc60e494,317617,onset,0.3711049902912026
67f5fc60e494,324699,wakeup,0.3077522851145826
67f5fc60e494,325088,onset,0.3704857405679543
67f5fc60e494,325437,wakeup,0.42749445141736675
67f5fc60e494,334920,onset,0.3226817962146275
67f5fc60e494,334955,wakeup,0.3307595811585155
67f5fc60e494,335088,onset,0.35119904915680766
67f5fc60e494,335102,wakeup,0.3525157925463147
67f5fc60e494,335212,onset,0.3689726947033313
67f5fc60e494,341785,wakeup,0.41475853630296944
67f5fc60e494,352011,onset,0.4031812951660533
67f5fc60e494,359069,wakeup,0.40885232291856466
67f5fc60e494,369387,onset,0.4046705012508955
67f5fc60e494,370195,wakeup,0.35220513387674957
67f5fc60e494,370475,onset,0.3456709033387048
67f5fc60e494,376311,wakeup,0.39091631738764326
72bbd1ac3edf,5891,onset,0.3619999451344975
72bbd1ac3edf,12978,wakeup,0.4395015400501206
72bbd1ac3edf,23373,onset,0.37608808916535247
72bbd1ac3edf,30523,wakeup,0.4568259238768709
72bbd1ac3edf,40521,onset,0.41807413123030635
72bbd1ac3edf,41272,wakeup,0.3787239377227704
72bbd1ac3edf,41297,onset,0.37768608071833326
72bbd1ac3edf,41324,wakeup,0.37441758926730745
72bbd1ac3edf,41431,onset,0.37739284624244834
72bbd1ac3edf,47700,wakeup,0.387860463194787
72bbd1ac3edf,59328,onset,0.42246902133818776
72bbd1ac3edf,65173,wakeup,0.4199574655403056
72bbd1ac3edf,75354,onset,0.3919229328097177
72bbd1ac3edf,82269,wakeup,0.4309674711269938
72bbd1ac3edf,82355,onset,0.42248968826547534
72bbd1ac3edf,82358,wakeup,0.4223524398547875
72bbd1ac3edf,91702,onset,0.35195083266178023
72bbd1ac3edf,99413,wakeup,0.4097827708030849
72bbd1ac3edf,109075,onset,0.3508845088953794
72bbd1ac3edf,116920,wakeup,0.42245217864058054
72bbd1ac3edf,126831,onset,0.3397036073042143
72bbd1ac3edf,133585,wakeup,0.4062917798153409
72bbd1ac3edf,144199,onset,0.4435146244549909
72bbd1ac3edf,151514,wakeup,0.3978590426316647
72bbd1ac3edf,162038,onset,0.4029714145307481
72bbd1ac3edf,168824,wakeup,0.4067853996112605
72bbd1ac3edf,178823,onset,0.3569248833116882
72bbd1ac3edf,185705,wakeup,0.3934765292717112
72bbd1ac3edf,195212,onset,0.3214513506504061
72bbd1ac3edf,203422,wakeup,0.40905874835075157
72bbd1ac3edf,212616,onset,0.3726665186990147
72bbd1ac3edf,220100,wakeup,0.41369395870338826
72bbd1ac3edf,230387,onset,0.36356235438860357
72bbd1ac3edf,237421,wakeup,0.43388071746323287
72bbd1ac3edf,247742,onset,0.41718448952743176
72bbd1ac3edf,254713,wakeup,0.414689917053099
72bbd1ac3edf,264641,onset,0.3219642362641556
72bbd1ac3edf,266018,wakeup,0.2902264756097197
72bbd1ac3edf,266115,onset,0.31000432274191064
72bbd1ac3edf,272100,wakeup,0.3864868603835823
72bbd1ac3edf,283027,onset,0.43342066670455587
72bbd1ac3edf,289526,wakeup,0.4046994231125627
72bbd1ac3edf,300496,onset,0.43802491333784055
72bbd1ac3edf,306359,wakeup,0.4334332303014348
72bbd1ac3edf,316882,onset,0.42092214530460964
72bbd1ac3edf,324354,wakeup,0.4407502237249654
72bbd1ac3edf,334356,onset,0.453445471767639
72bbd1ac3edf,341358,wakeup,0.4037721859650165
72bbd1ac3edf,351372,onset,0.36149259301979064
72bbd1ac3edf,357715,wakeup,0.39777925661873054
72bbd1ac3edf,368911,onset,0.4081789442209891
72bbd1ac3edf,375846,wakeup,0.42817459805307845
72bbd1ac3edf,388485,onset,0.34685053792121856
72bbd1ac3edf,388856,wakeup,0.3421726432257834
72bbd1ac3edf,388897,onset,0.3487378559584418
72bbd1ac3edf,389040,wakeup,0.36001102349449793
72bbd1ac3edf,389979,onset,0.40520751121701054
72bbd1ac3edf,390758,wakeup,0.3947540540264609
76237b9406d5,6260,onset,0.3675098369664456
76237b9406d5,10704,wakeup,0.37729596059745696
76237b9406d5,22976,onset,0.4353469735852247
76237b9406d5,27978,wakeup,0.4391516063933995
76237b9406d5,40340,onset,0.39103227827851295
76237b9406d5,45399,wakeup,0.41064974512022573
76237b9406d5,57031,onset,0.4308411377669522
76237b9406d5,63685,wakeup,0.42737867611454766
76237b9406d5,75381,onset,0.3901925223257266
76237b9406d5,80416,wakeup,0.4230593766183996
76237b9406d5,92060,onset,0.27677367799263797
76237b9406d5,97095,wakeup,0.36528773172825646
76237b9406d5,109242,onset,0.42999119326757246
76237b9406d5,114396,wakeup,0.4021330377765013
76237b9406d5,126541,onset,0.4388417078576432
76237b9406d5,131498,wakeup,0.3987538455643239
76237b9406d5,143880,onset,0.3966561854492718
76237b9406d5,148794,wakeup,0.4158280155344718
76237b9406d5,160617,onset,0.40708072847454907
76237b9406d5,165947,wakeup,0.40560052862274876
76237b9406d5,178714,onset,0.3839958885106181
76237b9406d5,184772,wakeup,0.3946436481932057
76237b9406d5,195826,onset,0.3813320026387884
76237b9406d5,201850,wakeup,0.421255468987429
76237b9406d5,213016,onset,0.3971797605953021
76237b9406d5,217979,wakeup,0.4236337258525494
76237b9406d5,230002,onset,0.4275354911425321
76237b9406d5,235282,wakeup,0.40509699192539583
76237b9406d5,247701,onset,0.37099806753339115
76237b9406d5,252630,wakeup,0.4001789260987363
76237b9406d5,265775,onset,0.372733448320153
76237b9406d5,270409,wakeup,0.4081054972491315
76237b9406d5,282227,onset,0.36180972304177694
76237b9406d5,288782,wakeup,0.29134840305788084
76237b9406d5,299040,onset,0.401163026018426
76237b9406d5,305630,wakeup,0.40774242634123614
76237b9406d5,317198,onset,0.3267083592581182
76237b9406d5,323010,wakeup,0.38923341379175774
76237b9406d5,334403,onset,0.37455600057718297
76237b9406d5,339826,wakeup,0.3972064875416621
76237b9406d5,351386,onset,0.3397372973713768
76237b9406d5,356321,wakeup,0.4510452326954259
76237b9406d5,368675,onset,0.3704724092442624
76237b9406d5,373551,wakeup,0.41189862333288096
76237b9406d5,385631,onset,0.42239988508435733
76237b9406d5,390952,wakeup,0.4132217737963276
76237b9406d5,403189,onset,0.389678246289524
76237b9406d5,408203,wakeup,0.41437424907275766
7822ee8fe3ec,5506,onset,0.4185956870035336
7822ee8fe3ec,11197,wakeup,0.32485130795031164
7822ee8fe3ec,11202,onset,0.32716767676584196
7822ee8fe3ec,11926,wakeup,0.2914227005365733
7822ee8fe3ec,22100,onset,0.4388438930997487
7822ee8fe3ec,28359,wakeup,0.39527011767247056
7822ee8fe3ec,42054,onset,0.371812352151743
7822ee8fe3ec,46669,wakeup,0.281171892257189
7822ee8fe3ec,56531,onset,0.4392652537095176
7822ee8fe3ec,63346,wakeup,0.3918558999259612
7822ee8fe3ec,63378,onset,0.3916625882721032
7822ee8fe3ec,64029,wakeup,0.3692829561890018
7822ee8fe3ec,75477,onset,0.38968807001552724
7822ee8fe3ec,80324,wakeup,0.4342585098807251
7822ee8fe3ec,90395,onset,0.4166091451516015
7822ee8fe3ec,98269,wakeup,0.4059428332504229
7822ee8fe3ec,109297,onset,0.43150549337148686
7822ee8fe3ec,114580,wakeup,0.3879267278682099
7822ee8fe3ec,125723,onset,0.3953187777399634
7822ee8fe3ec,125871,wakeup,0.36388395377129373
7822ee8fe3ec,126355,onset,0.38232803972714596
7822ee8fe3ec,132240,wakeup,0.4216254966999755
7822ee8fe3ec,143476,onset,0.41160077207592255
7822ee8fe3ec,149452,wakeup,0.4226089103617362
7822ee8fe3ec,160195,onset,0.4398777630196406
7822ee8fe3ec,166703,wakeup,0.41934877493836015
7822ee8fe3ec,179072,onset,0.33005533801399756
7822ee8fe3ec,184862,wakeup,0.39673614890803854
7822ee8fe3ec,196531,onset,0.4296366642053231
7822ee8fe3ec,201832,wakeup,0.4400839201745732
7822ee8fe3ec,215205,onset,0.4164169315597554
7822ee8fe3ec,219653,wakeup,0.3263875288605067
7822ee8fe3ec,229300,onset,0.4392247222512283
7822ee8fe3ec,235576,wakeup,0.33113904995323473
7822ee8fe3ec,235716,onset,0.3478847182196672
7822ee8fe3ec,236142,wakeup,0.37723573418276973
7822ee8fe3ec,246830,onset,0.45159116522132997
7822ee8fe3ec,252368,wakeup,0.4309575244516166
7822ee8fe3ec,264037,onset,0.3718435182640698
7822ee8fe3ec,270086,wakeup,0.3533295211178837
7822ee8fe3ec,281626,onset,0.4446439983904973
7822ee8fe3ec,281707,wakeup,0.4134675957639857
7822ee8fe3ec,282187,onset,0.3452134945444152
7822ee8fe3ec,288349,wakeup,0.3518556884495913
7822ee8fe3ec,299859,onset,0.39526559436227904
7822ee8fe3ec,305603,wakeup,0.415389717034285
7822ee8fe3ec,316021,onset,0.4316652242667747
7822ee8fe3ec,322945,wakeup,0.4201629779327166
7822ee8fe3ec,333926,onset,0.43408706503767913
7822ee8fe3ec,339881,wakeup,0.4049602821273579
7822ee8fe3ec,350476,onset,0.42846815912892433
7822ee8fe3ec,356860,wakeup,0.39288248168441847
7822ee8fe3ec,367368,onset,0.4022271665416463
7822ee8fe3ec,373757,wakeup,0.4061290970026995
7822ee8fe3ec,384263,onset,0.41855236297286025
7822ee8fe3ec,389570,wakeup,0.4084451022796821
7822ee8fe3ec,389821,onset,0.4142609817839022
7822ee8fe3ec,390979,wakeup,0.4286263063346554
7822ee8fe3ec,401491,onset,0.4397046938486123
7822ee8fe3ec,408015,wakeup,0.35196698242032254
89bd631d1769,3784,onset,0.3975538056833556
89bd631d1769,7282,wakeup,0.4017900251794727
89bd631d1769,7851,onset,0.37356273229723913
89bd631d1769,8536,wakeup,0.4670112718805585
89bd631d1769,21002,onset,0.40492201572551795
89bd631d1769,26331,wakeup,0.3972788761612281
89bd631d1769,38404,onset,0.4264782407209868
89bd631d1769,43285,wakeup,0.4189388353647416
89bd631d1769,56779,onset,0.42898268878194457
89bd631d1769,61803,wakeup,0.3687213846925677
89bd631d1769,74340,onset,0.41689032489506844
89bd631d1769,79196,wakeup,0.35466160105204037
89bd631d1769,92156,onset,0.40220141438228374
89bd631d1769,96682,wakeup,0.31776190634568946
89bd631d1769,107390,onset,0.4411890751088926
89bd631d1769,112586,wakeup,0.3662288785644352
89bd631d1769,124743,onset,0.38233276317711734
89bd631d1769,130099,wakeup,0.37061251598348716
89bd631d1769,141852,onset,0.4401874414305047
89bd631d1769,147093,wakeup,0.3965306031063579
89bd631d1769,159289,onset,0.44345557886614373
89bd631d1769,164519,wakeup,0.4471693123899313
89bd631d1769,164998,onset,0.35441567850440137
89bd631d1769,165172,wakeup,0.37241343303641733
89bd631d1769,165191,onset,0.37805304241981963
89bd631d1769,165391,wakeup,0.37860681472996105
89bd631d1769,178003,onset,0.3271963927778691
89bd631d1769,182654,wakeup,0.3688464562950092
89bd631d1769,195750,onset,0.34246569419115197
89bd631d1769,195862,wakeup,0.3090979732547594
89bd631d1769,196018,onset,0.3215834326966791
89bd631d1769,201029,wakeup,0.3633836704399099
89bd631d1769,212264,onset,0.3752966814281916
89bd631d1769,217023,wakeup,0.35859513979406515
89bd631d1769,230041,onset,0.36783121247136197
89bd631d1769,230073,wakeup,0.36256349632672497
89bd631d1769,230199,onset,0.3334545299557675
89bd631d1769,235187,wakeup,0.3704144219490576
89bd631d1769,247304,onset,0.3421222010340825
89bd631d1769,252938,wakeup,0.4001601948229599
89bd631d1769,265149,onset,0.4017234625229489
89bd631d1769,269148,wakeup,0.35250030313231373
89bd631d1769,281258,onset,0.41971799500289
89bd631d1769,286842,wakeup,0.42196674070680434
89bd631d1769,299762,onset,0.3050368251999909
89bd631d1769,305268,wakeup,0.16477033231209165
89bd631d1769,317094,onset,0.4109941914102728
89bd631d1769,322182,wakeup,0.364041264306378
89bd631d1769,333868,onset,0.2957784144380393
89bd631d1769,339177,wakeup,0.3909425761169141
89bd631d1769,349513,onset,0.4404088262110717
89bd631d1769,353690,wakeup,0.36339259769042304
89bd631d1769,353866,onset,0.34295119928239864
89bd631d1769,354313,wakeup,0.354283124945247
89bd631d1769,366930,onset,0.3941231122663032
89bd631d1769,372083,wakeup,0.36910239328040345
89bd631d1769,383935,onset,0.4293547618060711
89bd631d1769,389227,wakeup,0.3465427292171556
89bd631d1769,390479,onset,0.36765402654163887
89bd631d1769,390577,wakeup,0.3627576694193638
89bd631d1769,401569,onset,0.4259405793399257
89bd631d1769,406260,wakeup,0.32580650440770137
89bd631d1769,420129,onset,0.3113084084523918
89bd631d1769,424817,wakeup,0.4109894624455541
8e32047cbc1f,5989,onset,0.32254778107899557
8e32047cbc1f,10349,wakeup,0.3896422835635943
8e32047cbc1f,22634,onset,0.3881330852250103
8e32047cbc1f,28315,wakeup,0.3475177387221967
8e32047cbc1f,38605,onset,0.41175186682564663
8e32047cbc1f,39141,wakeup,0.4399437609468651
8e32047cbc1f,39612,onset,0.43396413235722636
8e32047cbc1f,43110,wakeup,0.41703129056035887
8e32047cbc1f,54621,onset,0.3268505135689584
8e32047cbc1f,60432,wakeup,0.3896069403076034
8e32047cbc1f,72314,onset,0.3551247597962955
8e32047cbc1f,77652,wakeup,0.40906892140101947
8e32047cbc1f,89516,onset,0.3866533120391288
8e32047cbc1f,94884,wakeup,0.40570744798426067
8e32047cbc1f,107828,onset,0.4224909306757909
8e32047cbc1f,112153,wakeup,0.40683238388364745
8e32047cbc1f,126081,onset,0.4330302413367164
8e32047cbc1f,130888,wakeup,0.4127948172889258
8e32047cbc1f,144115,onset,0.34043077261104493
8e32047cbc1f,148452,wakeup,0.368017840564719
8e32047cbc1f,158330,onset,0.3346125509096286
8e32047cbc1f,163999,wakeup,0.40293130599866966
8e32047cbc1f,175754,onset,0.39228273882492515
8e32047cbc1f,181350,wakeup,0.4307770989065387
8e32047cbc1f,192876,onset,0.40983608457386816
8e32047cbc1f,193465,wakeup,0.4466934894260239
8e32047cbc1f,194018,onset,0.41778920817163234
8e32047cbc1f,198609,wakeup,0.42907448331484216
8e32047cbc1f,210056,onset,0.4259624254146742
8e32047cbc1f,211954,wakeup,0.4182923056844819
8e32047cbc1f,212396,onset,0.3935340687698216
8e32047cbc1f,215897,wakeup,0.4104238984931949
8e32047cbc1f,227380,onset,0.39478959023754207
8e32047cbc1f,233169,wakeup,0.44018427727664716
8e32047cbc1f,246791,onset,0.43048339550489967
8e32047cbc1f,251960,wakeup,0.4149174625069406
8e32047cbc1f,264483,onset,0.3506128306425047
8e32047cbc1f,269066,wakeup,0.42009387616823074
8e32047cbc1f,279219,onset,0.2994285357955366
8e32047cbc1f,285009,wakeup,0.4223793926825067
8e32047cbc1f,297254,onset,0.391431371337656
8e32047cbc1f,302302,wakeup,0.4351110681616842
8e32047cbc1f,302981,onset,0.3875088443588127
8e32047cbc1f,303141,wakeup,0.3887683466330708
8e32047cbc1f,313647,onset,0.38825609033580954
8e32047cbc1f,319553,wakeup,0.41983716010626454
8e32047cbc1f,332493,onset,0.42935223582652615
8e32047cbc1f,336868,wakeup,0.4398510287552601
8e32047cbc1f,349429,onset,0.44786034308591643
8e32047cbc1f,354533,wakeup,0.4546469858605285
8e32047cbc1f,369242,onset,0.44605606745812676
8e32047cbc1f,373123,wakeup,0.4138280199789942
8e32047cbc1f,386229,onset,0.4163886332606264
8e32047cbc1f,391610,wakeup,0.39328577312147384
8e32047cbc1f,401582,onset,0.41730194562088035
8e32047cbc1f,402182,wakeup,0.27303386229834486
8e32047cbc1f,402473,onset,0.23275520407579797
8e32047cbc1f,404885,wakeup,0.3935001817944641
939932f1822d,7441,onset,0.4094245142286986
939932f1822d,12960,wakeup,0.39137465991077414
939932f1822d,24786,onset,0.32577007141441117
939932f1822d,30285,wakeup,0.45532159712328396
939932f1822d,42558,onset,0.4090345994851778
939932f1822d,47661,wakeup,0.45407702228286007
939932f1822d,58827,onset,0.42898360715364003
939932f1822d,64808,wakeup,0.3927433129999968
939932f1822d,77861,onset,0.3640002757221496
939932f1822d,83439,wakeup,0.38131668035896055
939932f1822d,94701,onset,0.4449305047850003
939932f1822d,100931,wakeup,0.4073708669811192
939932f1822d,111847,onset,0.41313651737844986
939932f1822d,117881,wakeup,0.35608496827595326
939932f1822d,118155,onset,0.35048632484907877
939932f1822d,118288,wakeup,0.37920895640572644
939932f1822d,128463,onset,0.3835817981634758
939932f1822d,129143,wakeup,0.3560284046668483
939932f1822d,129163,onset,0.3586598398925522
939932f1822d,134024,wakeup,0.4361995988826551
939932f1822d,146622,onset,0.3860223993200228
939932f1822d,151255,wakeup,0.44056911395083753
939932f1822d,162530,onset,0.33716280162289697
939932f1822d,168470,wakeup,0.45092218969154624
939932f1822d,180684,onset,0.4059668343709514
939932f1822d,185850,wakeup,0.42292143398731025
939932f1822d,198539,onset,0.4012261895245484
939932f1822d,204446,wakeup,0.36820182852845146
939932f1822d,215124,onset,0.4047747591345741
939932f1822d,220865,wakeup,0.3656072332874598
939932f1822d,232918,onset,0.4173727970921995
939932f1822d,238766,wakeup,0.4151168842425554
939932f1822d,250782,onset,0.4063062553764381
939932f1822d,255273,wakeup,0.40212612504944295
939932f1822d,267023,onset,0.4113306242320673
939932f1822d,272567,wakeup,0.42793508765715016
939932f1822d,284423,onset,0.314827117513901
939932f1822d,290762,wakeup,0.39480702601704315
939932f1822d,302950,onset,0.3978248843000914
939932f1822d,307193,wakeup,0.4149143407831512
939932f1822d,319615,onset,0.4392897123354143
939932f1822d,325692,wakeup,0.3597382910984691
939932f1822d,336639,onset,0.43612853800557966
939932f1822d,342481,wakeup,0.3600375815018491
939932f1822d,343149,onset,0.36205430066640076
939932f1822d,343171,wakeup,0.35313009672762685
939932f1822d,353715,onset,0.414665816967178
939932f1822d,360060,wakeup,0.3789524176292695
939932f1822d,370642,onset,0.3904496523525869
939932f1822d,375901,wakeup,0.44014074218639515
939932f1822d,387766,onset,0.3840304303116265
939932f1822d,387773,wakeup,0.377967654869421
939932f1822d,387778,onset,0.37350993781803793
939932f1822d,393128,wakeup,0.4153536041964071
939932f1822d,406262,onset,0.34405639983747904
939932f1822d,411391,wakeup,0.40786810123285605
9ee455e4770d,6707,onset,0.3451081504479485
9ee455e4770d,13263,wakeup,0.4143721045051158
9ee455e4770d,23914,onset,0.41897812565644377
9ee455e4770d,30597,wakeup,0.42115980369689804
9ee455e4770d,41067,onset,0.39663404448700157
9ee455e4770d,47199,wakeup,0.43054617310928484
9ee455e4770d,58252,onset,0.425702330207598
9ee455e4770d,65663,wakeup,0.3375605543345429
9ee455e4770d,75729,onset,0.40753137690836877
9ee455e4770d,82167,wakeup,0.4144727565693027
9ee455e4770d,92829,onset,0.4487171487088576
9ee455e4770d,99605,wakeup,0.40570535592804335
9ee455e4770d,108892,onset,0.4231242341428104
9ee455e4770d,115620,wakeup,0.3864261705363975
9ee455e4770d,127065,onset,0.4276444704276486
9ee455e4770d,133785,wakeup,0.43949670021130655
9ee455e4770d,144877,onset,0.4073628242018743
9ee455e4770d,151435,wakeup,0.4230217269216118
9ee455e4770d,163435,onset,0.27178025297998726
9ee455e4770d,168426,wakeup,0.4417096398034798
9ee455e4770d,179318,onset,0.43602245541307716
9ee455e4770d,186280,wakeup,0.38149416195314023
9ee455e4770d,196599,onset,0.43828721595128967
9ee455e4770d,203347,wakeup,0.41309181987952964
9ee455e4770d,213691,onset,0.4522255561919973
9ee455e4770d,220294,wakeup,0.43717579703560455
9ee455e4770d,230409,onset,0.42439541605219994
9ee455e4770d,237696,wakeup,0.4436051350553937
9ee455e4770d,247933,onset,0.4289953502538278
9ee455e4770d,254237,wakeup,0.4390618304597843
9ee455e4770d,265750,onset,0.4101661309325024
9ee455e4770d,272613,wakeup,0.3992505831335461
9ee455e4770d,283172,onset,0.427229425003589
9ee455e4770d,289876,wakeup,0.434746934759747
9ee455e4770d,299582,onset,0.40754436446390996
9ee455e4770d,307174,wakeup,0.4036989156390061
9ee455e4770d,317797,onset,0.39815755310107365
9ee455e4770d,324144,wakeup,0.42933329221261085
9ee455e4770d,334234,onset,0.32523371696423403
9ee455e4770d,341467,wakeup,0.3832027815205156
9ee455e4770d,351908,onset,0.3942593865826424
9ee455e4770d,358968,wakeup,0.42079466012236966
9ee455e4770d,368027,onset,0.3640946876685275
9ee455e4770d,374690,wakeup,0.385916367785921
9ee455e4770d,385564,onset,0.4293887038935926
9ee455e4770d,385618,wakeup,0.4233687515151158
9ee455e4770d,385708,onset,0.4192197713914248
9ee455e4770d,385736,wakeup,0.41060999424776323
9ee455e4770d,385866,onset,0.39545275001793745
9ee455e4770d,389822,wakeup,0.4348925166030724
a9a2f7fac455,3372,onset,0.4550929238417301
a9a2f7fac455,10964,wakeup,0.4200635713302924
a9a2f7fac455,21727,onset,0.4429756548808579
a9a2f7fac455,27991,wakeup,0.4287117802599102
a9a2f7fac455,38145,onset,0.4495646979394167
a9a2f7fac455,44909,wakeup,0.43429519813369954
a9a2f7fac455,55165,onset,0.4424020465136032
a9a2f7fac455,62204,wakeup,0.4647457846984433
a9a2f7fac455,72443,onset,0.46470274233304026
a9a2f7fac455,79494,wakeup,0.4371317748625479
a9a2f7fac455,89631,onset,0.4528298519860637
a9a2f7fac455,96743,wakeup,0.43626749647464785
a9a2f7fac455,106881,onset,0.44715358374971675
a9a2f7fac455,114092,wakeup,0.42408866182425464
a9a2f7fac455,125015,onset,0.4129404897426999
a9a2f7fac455,126536,wakeup,0.3929336181564183
a9a2f7fac455,126553,onset,0.3906934817801907
a9a2f7fac455,132117,wakeup,0.4256123568408144
a9a2f7fac455,142062,onset,0.4461509051789033
a9a2f7fac455,148947,wakeup,0.4027347136355569
a9a2f7fac455,158791,onset,0.44148261883618695
a9a2f7fac455,165809,wakeup,0.43023968372479227
a9a2f7fac455,176512,onset,0.4640162159101977
a9a2f7fac455,183111,wakeup,0.4306852190168983
a9a2f7fac455,193579,onset,0.4526209674209239
a9a2f7fac455,200463,wakeup,0.4301747737782448
a9a2f7fac455,210812,onset,0.45404413841193125
a9a2f7fac455,217858,wakeup,0.44970682600453804
a9a2f7fac455,227690,onset,0.4482659566821014
a9a2f7fac455,235024,wakeup,0.44738308471391486
a9a2f7fac455,245757,onset,0.45391295738374027
a9a2f7fac455,252709,wakeup,0.3866784538542911
a9a2f7fac455,263070,onset,0.43658293474436827
a9a2f7fac455,269513,wakeup,0.43455712099488936
a9a2f7fac455,280096,onset,0.4521941418652165
a9a2f7fac455,287566,wakeup,0.42981364400585514
a9a2f7fac455,298238,onset,0.46583429510886815
a9a2f7fac455,304709,wakeup,0.4513264344390763
a9a2f7fac455,314953,onset,0.45232342684977206
a9a2f7fac455,322172,wakeup,0.4446749430943749
a9a2f7fac455,332337,onset,0.4564172086840487
a9a2f7fac455,339440,wakeup,0.4452131331432279
a9a2f7fac455,349540,onset,0.4549269132917847
a9a2f7fac455,356517,wakeup,0.44103144339661166
a9a2f7fac455,367495,onset,0.45561230357628363
a9a2f7fac455,374216,wakeup,0.44401414200625294
a9a2f7fac455,384812,onset,0.46671420565515237
a9a2f7fac455,391365,wakeup,0.44417759731719747
a9a2f7fac455,401446,onset,0.44264645241183576
a9a2f7fac455,408598,wakeup,0.4510759162234233
a9a2f7fac455,418867,onset,0.4624781716420226
a9a2f7fac455,425812,wakeup,0.4268275857440286
a9a2f7fac455,435967,onset,0.4637567360141899
a9a2f7fac455,443160,wakeup,0.43131198757514566
a9a2f7fac455,453221,onset,0.45359595035696804
a9a2f7fac455,460316,wakeup,0.46340422423234084
a9a2f7fac455,470433,onset,0.45642668577132456
a9a2f7fac455,477665,wakeup,0.46892244953698453
a9a2f7fac455,489286,onset,0.4345978939244242
a9a2f7fac455,495138,wakeup,0.40484104451369385
a9a2f7fac455,495271,onset,0.39966388411474996
a9a2f7fac455,495615,wakeup,0.42851501106365897
a9a2f7fac455,506836,onset,0.4226991451816132
a9a2f7fac455,512643,wakeup,0.4437438965853263
a9a2f7fac455,522614,onset,0.4455817499594733
a9a2f7fac455,529546,wakeup,0.4274811308274046
a9a2f7fac455,539548,onset,0.46708960756914536
a9a2f7fac455,546815,wakeup,0.4582184216693931
a9a2f7fac455,556957,onset,0.45613933585929806
a9a2f7fac455,564200,wakeup,0.4552036828466776
a9a2f7fac455,575356,onset,0.4602554512811468
a9a2f7fac455,581840,wakeup,0.4313305004460204
a9a2f7fac455,592515,onset,0.4541147257797156
a9a2f7fac455,599183,wakeup,0.42107261657650685
a9a2f7fac455,610768,onset,0.36865060498425634
a9a2f7fac455,616329,wakeup,0.4073268307541658
a9a2f7fac455,616409,onset,0.4103045519454234
a9a2f7fac455,616575,wakeup,0.4260044795342351
a9a2f7fac455,627329,onset,0.461926638867711
a9a2f7fac455,631224,wakeup,0.4859262141084
a9a2f7fac455,631714,onset,0.47602726436924053
a9a2f7fac455,634133,wakeup,0.4322440199407194
a9a2f7fac455,634280,onset,0.4222018481724425
a9a2f7fac455,634306,wakeup,0.4237526015305043
a9a2f7fac455,634369,onset,0.4299149911234437
a9a2f7fac455,634428,wakeup,0.4351840069843492
a9e5f5314bcb,6233,onset,0.3559160162458519
a9e5f5314bcb,13648,wakeup,0.3027372315694468
a9e5f5314bcb,23098,onset,0.39303321804979285
a9e5f5314bcb,30373,wakeup,0.3741548784381497
a9e5f5314bcb,40369,onset,0.3635043406215565
a9e5f5314bcb,48312,wakeup,0.30872374934915936
a9e5f5314bcb,58774,onset,0.32634304835952127
a9e5f5314bcb,65759,wakeup,0.34088183815446876
a9e5f5314bcb,74913,onset,0.4351824008852277
a9e5f5314bcb,81949,wakeup,0.3803612224872753
a9e5f5314bcb,82227,onset,0.365252772512777
a9e5f5314bcb,82667,wakeup,0.4077363751265001
a9e5f5314bcb,93005,onset,0.3934559917714746
a9e5f5314bcb,99574,wakeup,0.3840532182826669
a9e5f5314bcb,99602,onset,0.3812763084356566
a9e5f5314bcb,99612,wakeup,0.38001539286800307
a9e5f5314bcb,99684,onset,0.37139627333361525
a9e5f5314bcb,100298,wakeup,0.3854112713505426
a9e5f5314bcb,110025,onset,0.3608147638241999
a9e5f5314bcb,116335,wakeup,0.3656487399532412
a9e5f5314bcb,116444,onset,0.3639814281244825
a9e5f5314bcb,116456,wakeup,0.3625947612032078
a9e5f5314bcb,116528,onset,0.35298977797892184
a9e5f5314bcb,116579,wakeup,0.3540315238053927
a9e5f5314bcb,116583,onset,0.3535410420030269
a9e5f5314bcb,117601,wakeup,0.34085922717084616
a9e5f5314bcb,127440,onset,0.424248222699128
a9e5f5314bcb,134365,wakeup,0.3667104091086748
a9e5f5314bcb,144482,onset,0.3492904036343799
a9e5f5314bcb,151085,wakeup,0.34786789621827924
a9e5f5314bcb,151144,onset,0.33767929616196835
a9e5f5314bcb,151909,wakeup,0.39601647160033565
af91d9a50547,7122,onset,0.4232378357503079
af91d9a50547,14350,wakeup,0.2789061225371854
af91d9a50547,24594,onset,0.36358433416849717
af91d9a50547,31500,wakeup,0.4070199573744975
af91d9a50547,41987,onset,0.3827928659678764
af91d9a50547,48056,wakeup,0.42759162938024636
af91d9a50547,59514,onset,0.39101760865887997
af91d9a50547,65981,wakeup,0.4175045188220113
af91d9a50547,77112,onset,0.39256228664493076
af91d9a50547,77941,wakeup,0.33287910150249783
af91d9a50547,78019,onset,0.3377529521611144
af91d9a50547,82874,wakeup,0.39230022714857316
af91d9a50547,94849,onset,0.3767017503055347
af91d9a50547,101326,wakeup,0.41555991131327974
af91d9a50547,110914,onset,0.42312389953876983
af91d9a50547,112368,wakeup,0.4049123360200585
af91d9a50547,112378,onset,0.40502352846304746
af91d9a50547,112445,wakeup,0.40177902136534066
af91d9a50547,112460,onset,0.3963198635426033
af91d9a50547,113916,wakeup,0.3504400432089364
af91d9a50547,114098,onset,0.3575373195369445
af91d9a50547,118083,wakeup,0.41441956544383884
af91d9a50547,127607,onset,0.3195591133698983
af91d9a50547,129150,wakeup,0.31294844766999214
af91d9a50547,129208,onset,0.2997924373557638
af91d9a50547,129220,wakeup,0.30016897354878075
af91d9a50547,129305,onset,0.31372247193490843
af91d9a50547,135325,wakeup,0.4029372176250362
af91d9a50547,146638,onset,0.4142036355497108
af91d9a50547,152579,wakeup,0.3910505452675317
af91d9a50547,162792,onset,0.3952445938456432
af91d9a50547,168238,wakeup,0.39978396497810836
af91d9a50547,180110,onset,0.41627988224067547
af91d9a50547,186256,wakeup,0.4359940868335546
af91d9a50547,197665,onset,0.4011961119528632
af91d9a50547,204300,wakeup,0.41651885340480227
af91d9a50547,216463,onset,0.4038419032684249
af91d9a50547,221749,wakeup,0.38956174374098707
af91d9a50547,231856,onset,0.3596355172777011
af91d9a50547,232608,wakeup,0.36342710062383665
af91d9a50547,232746,onset,0.3604773285699456
af91d9a50547,232883,wakeup,0.38307327796750296
af91d9a50547,233037,onset,0.37138404266088815
af91d9a50547,239024,wakeup,0.40511688053186434
af91d9a50547,248443,onset,0.38695572826004176
af91d9a50547,256001,wakeup,0.4435040644446215
af91d9a50547,266665,onset,0.43277968063966865
af91d9a50547,273118,wakeup,0.36617825505309237
af91d9a50547,282919,onset,0.373924860202036
af91d9a50547,289930,wakeup,0.42336038571712575
af91d9a50547,300022,onset,0.2582441125466208
af91d9a50547,300439,wakeup,0.35055931751244795
af91d9a50547,300725,onset,0.2638562634084962
af91d9a50547,307664,wakeup,0.4170914623295122
af91d9a50547,317670,onset,0.3771114549573642
af91d9a50547,318246,wakeup,0.38779571946818875
af91d9a50547,318424,onset,0.37739585024611466
af91d9a50547,319235,wakeup,0.39401275090903665
af91d9a50547,319785,onset,0.4040186440784791
af91d9a50547,325050,wakeup,0.3518885916709417
af91d9a50547,336036,onset,0.4271649639011129
af91d9a50547,342724,wakeup,0.40456956910820707
af91d9a50547,352325,onset,0.3621071177412774
af91d9a50547,359741,wakeup,0.3799801421766691
af91d9a50547,370570,onset,0.4606628193581355
af91d9a50547,377047,wakeup,0.43652535286664956
af91d9a50547,387227,onset,0.3960903042318719
af91d9a50547,389052,wakeup,0.3826018794302122
af91d9a50547,389162,onset,0.3851087977290915
af91d9a50547,393992,wakeup,0.438775374026358
af91d9a50547,404897,onset,0.4281385690967923
af91d9a50547,411385,wakeup,0.4268969997167232
b364205aba43,6730,onset,0.39399284668829776
b364205aba43,9097,wakeup,0.21813553659978824
b364205aba43,9288,onset,0.21740359715883653
b364205aba43,10453,wakeup,0.3658616977266905
b364205aba43,22513,onset,0.4157554765023647
b364205aba43,28167,wakeup,0.38107103108847096
b364205aba43,38167,onset,0.4148572965979453
b364205aba43,38551,wakeup,0.40623353814538266
b364205aba43,39643,onset,0.4249954166724151
b364205aba43,43005,wakeup,0.39189319977853915
b364205aba43,54890,onset,0.36614230759372723
b364205aba43,55168,wakeup,0.3860108382895067
b364205aba43,55232,onset,0.39527269995660386
b364205aba43,55278,wakeup,0.39988849829956796
b364205aba43,56577,onset,0.3684630780344707
b364205aba43,60370,wakeup,0.4212145488913099
b364205aba43,60687,onset,0.37035862001479763
b364205aba43,61164,wakeup,0.3739988826378882
b364205aba43,72117,onset,0.43523336378112626
b364205aba43,77606,wakeup,0.4175328241146903
b364205aba43,89713,onset,0.43369856017995373
b364205aba43,94854,wakeup,0.43044535477531065
b364205aba43,106964,onset,0.4192819769069195
b364205aba43,112179,wakeup,0.448436105227999
b364205aba43,126119,onset,0.40646484360649887
b364205aba43,130859,wakeup,0.3825680810712535
b364205aba43,144044,onset,0.3772177349133279
b364205aba43,148246,wakeup,0.3708870112022223
b364205aba43,158353,onset,0.33505897565416265
b364205aba43,163990,wakeup,0.4433835563190082
b364205aba43,175786,onset,0.4191252778274334
b364205aba43,181321,wakeup,0.4348010320530202
b364205aba43,192978,onset,0.42273102284601344
b364205aba43,198517,wakeup,0.44122021428987707
b364205aba43,210783,onset,0.4033328617989333
b364205aba43,211295,wakeup,0.3738857537812471
b364205aba43,211414,onset,0.37066273674305783
b364205aba43,211442,wakeup,0.3635075809157239
b364205aba43,211513,onset,0.35646788198351076
b364205aba43,211697,wakeup,0.3719456305530602
b364205aba43,212439,onset,0.4191892781803069
b364205aba43,215847,wakeup,0.44902700795721157
b364205aba43,227426,onset,0.38466494587611355
b364205aba43,233143,wakeup,0.42352535011678405
b364205aba43,248971,onset,0.4107940310801492
b364205aba43,251077,wakeup,0.3843553079428
b364205aba43,264787,onset,0.40171580749637664
b364205aba43,268505,wakeup,0.44029215186349047
b364205aba43,279374,onset,0.4027499377358647
b364205aba43,280180,wakeup,0.47076179788964745
b364205aba43,280839,onset,0.4667278414264773
b364205aba43,284960,wakeup,0.4490877418256072
b364205aba43,297541,onset,0.43859481952519336
b364205aba43,302202,wakeup,0.40074740154879623
b364205aba43,313866,onset,0.39155753632683926
b364205aba43,319552,wakeup,0.4381754656041021
b364205aba43,331443,onset,0.3360043618187737
b364205aba43,336907,wakeup,0.4244315631262908
b364205aba43,349415,onset,0.46095686377812667
b364205aba43,350624,wakeup,0.15098688785505868
b364205aba43,350733,onset,0.11084743663280085
b364205aba43,354514,wakeup,0.4458011355219808
b364205aba43,369105,onset,0.38536323692351737
b364205aba43,372958,wakeup,0.4444076132159759
b364205aba43,386359,onset,0.409345212240687
b364205aba43,391619,wakeup,0.2663070701977865
c535634d7dcd,6969,onset,0.4280307821825568
c535634d7dcd,14766,wakeup,0.4109639547726035
c535634d7dcd,24213,onset,0.4416201173600381
c535634d7dcd,32177,wakeup,0.42113992714176035
c535634d7dcd,41728,onset,0.41704083726931385
c535634d7dcd,49337,wakeup,0.414950246192782
c535634d7dcd,57838,onset,0.42791846671547823
c535634d7dcd,60112,wakeup,0.3938279311040966
c535634d7dcd,60135,onset,0.3945491619100445
c535634d7dcd,65364,wakeup,0.4277078627651245
c535634d7dcd,75385,onset,0.4629440760413748
c535634d7dcd,82758,wakeup,0.44909177666832145
c535634d7dcd,93576,onset,0.43900470840201244
c535634d7dcd,100404,wakeup,0.4263954471073198
c535634d7dcd,111429,onset,0.36433071911651527
c535634d7dcd,117663,wakeup,0.4478169418774009
c535634d7dcd,128094,onset,0.34924250535188134
c535634d7dcd,134769,wakeup,0.4237898927561531
c6788e579967,2739,onset,0.44861298472531835
c6788e579967,8722,wakeup,0.4384682065955745
c6788e579967,19745,onset,0.4178014280127162
c6788e579967,26054,wakeup,0.4245738049731259
c6788e579967,37297,onset,0.38237358040815467
c6788e579967,43363,wakeup,0.42396953277148963
c6788e579967,54403,onset,0.41873969062979804
c6788e579967,60498,wakeup,0.4489117872879791
c6788e579967,73819,onset,0.4200206964550406
c6788e579967,79601,wakeup,0.39532240829289483
c6788e579967,80414,onset,0.26049294313277593
c6788e579967,80802,wakeup,0.21200177216291696
c6788e579967,91187,onset,0.3400535257674885
c6788e579967,91231,wakeup,0.3436065965209472
c6788e579967,91264,onset,0.34235636516881207
c6788e579967,91791,wakeup,0.36753978935394827
c6788e579967,91832,onset,0.36833197495499703
c6788e579967,97500,wakeup,0.20853750100238458
c6788e579967,106303,onset,0.43701656548195733
c6788e579967,112390,wakeup,0.4423921295488537
c6788e579967,123665,onset,0.4351676135717362
c6788e579967,129779,wakeup,0.4235735786171594
c6788e579967,140597,onset,0.4356703748317523
c6788e579967,146950,wakeup,0.35947991916235905
c6788e579967,158208,onset,0.4535854675105175
c6788e579967,164215,wakeup,0.3996568655089032
c6788e579967,175676,onset,0.3548162594318295
c6788e579967,182992,wakeup,0.3653999397976095
c6788e579967,183162,onset,0.3594013766695736
c6788e579967,183457,wakeup,0.3782187387229331
c6788e579967,194666,onset,0.3645628415579537
c6788e579967,200935,wakeup,0.3124918727051473
c6788e579967,212426,onset,0.39809093109071675
c6788e579967,218666,wakeup,0.35501282700516223
c6788e579967,227609,onset,0.4200384384387958
c6788e579967,233350,wakeup,0.42864808468220994
c6788e579967,244894,onset,0.30660509353846505
c6788e579967,244964,wakeup,0.3060064673706527
c6788e579967,245102,onset,0.3360719333269848
c6788e579967,250645,wakeup,0.36932764055330763
c6788e579967,262141,onset,0.4630542369394942
c6788e579967,268020,wakeup,0.4364767895767139
c6788e579967,279239,onset,0.42069526974758764
c6788e579967,285291,wakeup,0.4217091455838888
c6788e579967,296546,onset,0.4324268013100527
c6788e579967,304216,wakeup,0.30237725812708566
c6788e579967,304303,onset,0.3070128024984407
c6788e579967,304371,wakeup,0.3378290195791502
c6788e579967,315765,onset,0.3379873026687944
c6788e579967,321490,wakeup,0.4010047512584841
c6788e579967,332827,onset,0.3972677957502954
c6788e579967,339635,wakeup,0.4263159084001754
c6788e579967,349331,onset,0.440801718271393
c6788e579967,355078,wakeup,0.4286200059120636
c6788e579967,366444,onset,0.3901874608176661
c6788e579967,372387,wakeup,0.40279062297665785
c6788e579967,383647,onset,0.36508237312949143
c6788e579967,391380,wakeup,0.4095299009336498
c68260cc9e8f,7249,onset,0.4285499745767969
c68260cc9e8f,7334,wakeup,0.42710433942606385
c68260cc9e8f,8269,onset,0.4239449586846536
c68260cc9e8f,12477,wakeup,0.43097222186326184
c68260cc9e8f,25058,onset,0.4101610982156447
c68260cc9e8f,29758,wakeup,0.4354892918680204
c68260cc9e8f,41637,onset,0.43461310827491784
c68260cc9e8f,48001,wakeup,0.4196137644768057
c68260cc9e8f,60345,onset,0.3666276950308568
c68260cc9e8f,66689,wakeup,0.40487205930872483
c68260cc9e8f,77637,onset,0.36549983611565645
c68260cc9e8f,84633,wakeup,0.3943209980142298
c68260cc9e8f,94305,onset,0.3520723768398319
c68260cc9e8f,99038,wakeup,0.42437274148198084
c68260cc9e8f,111928,onset,0.37813497167431376
c68260cc9e8f,116350,wakeup,0.3866236459075022
c68260cc9e8f,128357,onset,0.4468437423141115
c68260cc9e8f,133454,wakeup,0.4144666423540651
c68260cc9e8f,146626,onset,0.40041593081352955
c68260cc9e8f,150687,wakeup,0.43128591108354875
c68260cc9e8f,164395,onset,0.3601026720721614
c68260cc9e8f,168947,wakeup,0.42073995699203415
c68260cc9e8f,183095,onset,0.3715146026321401
c68260cc9e8f,187901,wakeup,0.36346379372084975
c68260cc9e8f,198621,onset,0.39790769170697876
c68260cc9e8f,204923,wakeup,0.34265279362618833
c68260cc9e8f,205290,onset,0.3514060612674153
c68260cc9e8f,205459,wakeup,0.3538377965553669
c68260cc9e8f,215881,onset,0.41340538117544456
c68260cc9e8f,219921,wakeup,0.4371385307879458
c68260cc9e8f,233413,onset,0.3486386851061338
c68260cc9e8f,237118,wakeup,0.4210507661767906
c68260cc9e8f,250203,onset,0.4067364216908063
c68260cc9e8f,254550,wakeup,0.43506163386924934
c68260cc9e8f,267654,onset,0.38660900471733806
c68260cc9e8f,271785,wakeup,0.4363453994879226
c68260cc9e8f,282340,onset,0.37977850004441593
c68260cc9e8f,289909,wakeup,0.4270366335387628
c68260cc9e8f,302721,onset,0.34974990679378876
c68260cc9e8f,303167,wakeup,0.32677190545964246
c68260cc9e8f,303576,onset,0.3342130562868572
c68260cc9e8f,303989,wakeup,0.4083847144083162
c68260cc9e8f,304656,onset,0.4000228660597221
c68260cc9e8f,308746,wakeup,0.3885300633406252
ca730dbf521d,8755,onset,0.42874842991128015
ca730dbf521d,14421,wakeup,0.4035669983504175
ca730dbf521d,25393,onset,0.46356056717567784
ca730dbf521d,25545,wakeup,0.4835274139010295
ca730dbf521d,25630,onset,0.48187774075924744
ca730dbf521d,28733,wakeup,0.4254376878693481
ca730dbf521d,28840,onset,0.4224688816740075
ca730dbf521d,28873,wakeup,0.42536051008851666
ca730dbf521d,29507,onset,0.4325447266043951
ca730dbf521d,31879,wakeup,0.33442964617795595
ca730dbf521d,31981,onset,0.2850944847963329
ca730dbf521d,32014,wakeup,0.2785367329796489
ca730dbf521d,32020,onset,0.2771147671549627
ca730dbf521d,32082,wakeup,0.26008739754678656
ca730dbf521d,32102,onset,0.2570670530610348
ca730dbf521d,32260,wakeup,0.26732306008359225
ca730dbf521d,42626,onset,0.4228207669899892
ca730dbf521d,48040,wakeup,0.3690864038253234
ca730dbf521d,60111,onset,0.39705365922416214
ca730dbf521d,65156,wakeup,0.410565831754339
ca730dbf521d,77668,onset,0.425481183717735
ca730dbf521d,82390,wakeup,0.39608307904042794
ca730dbf521d,95054,onset,0.3992554309036456
ca730dbf521d,99970,wakeup,0.37186371109797556
ca730dbf521d,111639,onset,0.3537666996289268
ca730dbf521d,116948,wakeup,0.40356252967834305
ca730dbf521d,128849,onset,0.4315857519956689
ca730dbf521d,134632,wakeup,0.40622067214190666
ca730dbf521d,134657,onset,0.4076184066721792
ca730dbf521d,134681,wakeup,0.40950923522595356
ca730dbf521d,134998,onset,0.41270226227230444
ca730dbf521d,135601,wakeup,0.3535539140460036
ca730dbf521d,146466,onset,0.4185048358981055
ca730dbf521d,152702,wakeup,0.4089752767330202
ca730dbf521d,163619,onset,0.44763461316085806
ca730dbf521d,169002,wakeup,0.4034137986377397
ca730dbf521d,180910,onset,0.44369670786446125
ca730dbf521d,186264,wakeup,0.38433633670968737
ca730dbf521d,198784,onset,0.42950482104049525
ca730dbf521d,203440,wakeup,0.4291935442475649
ca730dbf521d,215512,onset,0.4534216622320935
ca730dbf521d,220899,wakeup,0.40339777363847507
ca730dbf521d,231952,onset,0.4408883149500095
ca730dbf521d,237840,wakeup,0.42515916208775456
ca730dbf521d,251236,onset,0.36055041496246176
ca730dbf521d,255824,wakeup,0.41607685504177105
ca730dbf521d,267385,onset,0.39264067896129823
ca730dbf521d,273139,wakeup,0.4129584555191653
ca730dbf521d,284030,onset,0.4320052392704221
ca730dbf521d,289726,wakeup,0.4188852629546679
ca730dbf521d,302235,onset,0.2994373301394965
ca730dbf521d,307117,wakeup,0.4458259062123268
ca730dbf521d,319077,onset,0.4188057849860272
ca730dbf521d,324333,wakeup,0.43292645317518647
ca730dbf521d,336324,onset,0.4532919960553831
ca730dbf521d,341796,wakeup,0.42407697873468475
ca730dbf521d,353663,onset,0.4185120534492573
ca730dbf521d,360090,wakeup,0.36615472896174683
ca730dbf521d,370882,onset,0.43699761704815093
ca730dbf521d,376700,wakeup,0.41573171913780316
ca730dbf521d,376717,onset,0.41842889257332905
ca730dbf521d,377499,wakeup,0.38190475228948295
ca730dbf521d,388289,onset,0.4210807432065364
ca730dbf521d,394301,wakeup,0.3997808641962404
d150801f3145,2793,onset,0.3891746928427679
d150801f3145,9505,wakeup,0.4497246631917133
d150801f3145,20105,onset,0.4586185822164613
d150801f3145,20832,wakeup,0.4381290161291066
d150801f3145,21392,onset,0.3672426311648535
d150801f3145,26152,wakeup,0.42687860657481635
d150801f3145,36850,onset,0.44694660123505686
d150801f3145,44605,wakeup,0.42675965427080015
d150801f3145,54700,onset,0.4488818410516853
d150801f3145,61742,wakeup,0.4314540592075743
d150801f3145,72384,onset,0.4268459033474748
d150801f3145,79711,wakeup,0.2759522246719813
d150801f3145,90082,onset,0.4566742990281484
d150801f3145,97122,wakeup,0.36354810843852625
d150801f3145,107276,onset,0.45920684797816924
d150801f3145,114250,wakeup,0.43743443216860173
d150801f3145,124464,onset,0.4531740676463368
d150801f3145,130368,wakeup,0.43784245282786954
d150801f3145,141954,onset,0.42882633522853775
d150801f3145,148332,wakeup,0.3869866677002405
d150801f3145,158492,onset,0.4251710155514914
d150801f3145,165381,wakeup,0.39433352988454057
d150801f3145,176003,onset,0.4565452942176509
d150801f3145,182943,wakeup,0.4528594554621298
d150801f3145,193756,onset,0.4334062162230823
d150801f3145,200639,wakeup,0.4249360637014618
d150801f3145,210826,onset,0.42112121557468635
d150801f3145,217814,wakeup,0.44680959420022637
d150801f3145,227613,onset,0.419193573385265
d150801f3145,234911,wakeup,0.3941497928263751
d150801f3145,245368,onset,0.4484289044138393
d150801f3145,252620,wakeup,0.34341288509410944
d150801f3145,262608,onset,0.41071022799668944
d150801f3145,268990,wakeup,0.43111699310081897
d150801f3145,279874,onset,0.4167606492925565
d150801f3145,285662,wakeup,0.4483885004515757
d150801f3145,296668,onset,0.4375915768985997
d150801f3145,303061,wakeup,0.42667401639525077
d150801f3145,313843,onset,0.3978125324042736
d150801f3145,320651,wakeup,0.42867844121019494
d150801f3145,331415,onset,0.36160126605884263
d150801f3145,338405,wakeup,0.4281175255275443
d150801f3145,348757,onset,0.42235083251907846
d150801f3145,354903,wakeup,0.44105825953545746
d150801f3145,365690,onset,0.4570205137422306
d150801f3145,372069,wakeup,0.4382767700437422
d150801f3145,383193,onset,0.43531520115032063
d150801f3145,389476,wakeup,0.44722033111746645
d25e479ecbb7,4289,onset,0.4172351355506406
d25e479ecbb7,10417,wakeup,0.42996082701972127
d25e479ecbb7,20416,onset,0.4502977398316954
d25e479ecbb7,27444,wakeup,0.38979332933882904
d25e479ecbb7,40145,onset,0.36397740914022036
d25e479ecbb7,45557,wakeup,0.4324917450349226
d25e479ecbb7,56824,onset,0.42903690432733976
d25e479ecbb7,62464,wakeup,0.4344869205108743
d25e479ecbb7,75730,onset,0.3788387568187775
d25e479ecbb7,80679,wakeup,0.2594787377648
d25e479ecbb7,90205,onset,0.46524300395525303
d25e479ecbb7,97219,wakeup,0.387749784749641
d25e479ecbb7,97258,onset,0.38787879416559995
d25e479ecbb7,97293,wakeup,0.39081031701154356
d25e479ecbb7,108254,onset,0.4180160854338398
d25e479ecbb7,114624,wakeup,0.3729691969270179
d25e479ecbb7,125362,onset,0.37306045789573533
d25e479ecbb7,132132,wakeup,0.3524509399949223
d25e479ecbb7,143828,onset,0.33126342760931426
d25e479ecbb7,148481,wakeup,0.3920609233379367
d25e479ecbb7,158481,onset,0.41664506093134185
d25e479ecbb7,166176,wakeup,0.45764997964561155
d25e479ecbb7,176925,onset,0.35832961623097664
d25e479ecbb7,182933,wakeup,0.4433293760987799
d25e479ecbb7,198050,onset,0.4091222991218326
d25e479ecbb7,198473,wakeup,0.42351716773669174
d25e479ecbb7,199304,onset,0.40685907184775055
d25e479ecbb7,202193,wakeup,0.25040828386613434
d25e479ecbb7,202239,onset,0.24460486178795812
d25e479ecbb7,202242,wakeup,0.24403783645523985
d25e479ecbb7,202467,onset,0.23873639847418374
d25e479ecbb7,202917,wakeup,0.3731123722444761
d25e479ecbb7,203256,onset,0.21735439310928142
d25e479ecbb7,203350,wakeup,0.17510213138857528
d25e479ecbb7,213344,onset,0.44582584010403664
d25e479ecbb7,219414,wakeup,0.33762299875818164
d25e479ecbb7,229368,onset,0.4372341960835869
d25e479ecbb7,234401,wakeup,0.44362478078046097
d25e479ecbb7,245015,onset,0.3726388367803389
d25e479ecbb7,245870,wakeup,0.24757239523525335
d25e479ecbb7,246251,onset,0.2600062935111941
d25e479ecbb7,252683,wakeup,0.4315541282266566
d25e479ecbb7,263111,onset,0.4418987605376571
d25e479ecbb7,269189,wakeup,0.42457210109045007
d25e479ecbb7,280474,onset,0.4270284187242532
d25e479ecbb7,287073,wakeup,0.4585476501979199
d25e479ecbb7,296878,onset,0.4458966634564343
d25e479ecbb7,301924,wakeup,0.4099532694372034
d25e479ecbb7,302428,onset,0.42869829286796257
d25e479ecbb7,302546,wakeup,0.42868490151961375
d25e479ecbb7,315204,onset,0.42234359855446746
d25e479ecbb7,321421,wakeup,0.4331532796940658
d25e479ecbb7,334167,onset,0.42487996063605316
d25e479ecbb7,339500,wakeup,0.37287606216629104
d25e479ecbb7,349125,onset,0.38848915193876615
d25e479ecbb7,355768,wakeup,0.44626225929080937
d515236bdeec,7718,onset,0.3611700962043441
d515236bdeec,13065,wakeup,0.3710177505744794
d515236bdeec,25156,onset,0.42775853086646226
d515236bdeec,30118,wakeup,0.3597360818516888
d515236bdeec,30400,onset,0.3704304575559461
d515236bdeec,30787,wakeup,0.4137160271643925
d515236bdeec,41184,onset,0.4023199423224613
d515236bdeec,47347,wakeup,0.2876483648927729
d515236bdeec,47445,onset,0.27968611538309723
d515236bdeec,47654,wakeup,0.31174724465383485
d515236bdeec,58211,onset,0.3732115958521389
d515236bdeec,63334,wakeup,0.35917998645752575
d515236bdeec,74515,onset,0.4517138927838174
d515236bdeec,81163,wakeup,0.4418598202750886
d515236bdeec,90982,onset,0.4181185278913831
d515236bdeec,96981,wakeup,0.44014032820425614
d515236bdeec,108183,onset,0.4436761920641602
d515236bdeec,111974,wakeup,0.4409722155649742
d515236bdeec,112336,onset,0.40999878958266867
d515236bdeec,113934,wakeup,0.37135075892690333
d515236bdeec,125024,onset,0.4597959590879351
d515236bdeec,131512,wakeup,0.43217600980837817
d515236bdeec,144435,onset,0.42443477296968046
d515236bdeec,150896,wakeup,0.30013890604760335
d515236bdeec,161525,onset,0.40426610225207305
d515236bdeec,168120,wakeup,0.31440490027651474
d515236bdeec,168295,onset,0.29658729880530404
d515236bdeec,168769,wakeup,0.3520097543153261
d515236bdeec,178300,onset,0.37696830979763907
d515236bdeec,185265,wakeup,0.3711860164591828
d515236bdeec,195203,onset,0.394438287811073
d515236bdeec,201367,wakeup,0.39715726514968486
d515236bdeec,211694,onset,0.44428602374814946
d515236bdeec,217908,wakeup,0.38145967977182854
d515236bdeec,229186,onset,0.4101958349358555
d515236bdeec,235190,wakeup,0.42926994353448295
d5e47b94477e,2353,onset,0.41516965495252967
d5e47b94477e,8626,wakeup,0.43338231188856796
d5e47b94477e,19623,onset,0.3642590614637205
d5e47b94477e,26018,wakeup,0.4302960939667501
d5e47b94477e,37182,onset,0.41871891691214774
d5e47b94477e,43809,wakeup,0.4397899373926749
d5e47b94477e,54717,onset,0.42193697539222996
d5e47b94477e,60995,wakeup,0.4290582002099337
d5e47b94477e,72099,onset,0.41601072336658373
d5e47b94477e,78412,wakeup,0.43460603429562006
d5e47b94477e,89243,onset,0.35587702392193354
d5e47b94477e,95657,wakeup,0.4067016508351711
d5e47b94477e,106656,onset,0.41389897574572876
d5e47b94477e,113047,wakeup,0.44979794751948626
d5e47b94477e,123971,onset,0.3946310680229887
d5e47b94477e,130232,wakeup,0.4321383387691239
d5e47b94477e,141205,onset,0.4217428182055042
d5e47b94477e,147593,wakeup,0.4440670387629507
d5e47b94477e,158564,onset,0.46163334687294405
d5e47b94477e,165456,wakeup,0.4598128738396605
d5e47b94477e,175982,onset,0.39412715357033723
d5e47b94477e,182079,wakeup,0.42140688660384046
d5e47b94477e,193410,onset,0.3570989495228646
d5e47b94477e,199310,wakeup,0.410149699089888
d5e47b94477e,210372,onset,0.39064928278516226
d5e47b94477e,216543,wakeup,0.43600976178855366
d5e47b94477e,228111,onset,0.3968243157034732
d5e47b94477e,233927,wakeup,0.43021542275407804
d5e47b94477e,244655,onset,0.45011477851975257
d5e47b94477e,251142,wakeup,0.4471555240171419
d5e47b94477e,262316,onset,0.3882310383832527
d5e47b94477e,268491,wakeup,0.41948926940463327
d5e47b94477e,279999,onset,0.417643497943867
d5e47b94477e,286595,wakeup,0.38421303762008446
d5e47b94477e,297462,onset,0.3992690557764642
d5e47b94477e,303011,wakeup,0.35555565868229616
d5e47b94477e,314041,onset,0.4235594047750704
d5e47b94477e,314650,wakeup,0.36058284795927914
d5e47b94477e,314937,onset,0.4010326520082692
d5e47b94477e,320364,wakeup,0.4428953270897809
d5e47b94477e,331762,onset,0.4458534404345093
d5e47b94477e,338616,wakeup,0.43369213523960687
d5e47b94477e,349075,onset,0.41703156761792803
d5e47b94477e,356096,wakeup,0.4311848744836094
d5e47b94477e,366843,onset,0.39333329829707364
d5e47b94477e,373157,wakeup,0.4423911654769129
d5e47b94477e,383659,onset,0.4082945088826522
d5e47b94477e,390063,wakeup,0.43280266829847225
0f9e60a8e56d,9794,onset,0.054056823781349315
0f9e60a8e56d,9912,wakeup,0.06612283019118505
0f9e60a8e56d,11488,onset,0.08495281031926624
0f9e60a8e56d,11916,wakeup,0.07428068419127631
0f9e60a8e56d,27074,onset,0.054056823781349315
0f9e60a8e56d,27192,wakeup,0.06612283019118506
0f9e60a8e56d,28768,onset,0.08495281031926623
0f9e60a8e56d,29196,wakeup,0.0742806841912763
0f9e60a8e56d,44354,onset,0.054056823781349315
0f9e60a8e56d,44472,wakeup,0.06612283019118505
0f9e60a8e56d,46048,onset,0.08495281031926624
0f9e60a8e56d,46476,wakeup,0.07428068419127631
0f9e60a8e56d,61634,onset,0.054056823781349315
0f9e60a8e56d,61752,wakeup,0.06612283019118505
0f9e60a8e56d,63328,onset,0.08495281031926624
0f9e60a8e56d,63756,wakeup,0.07428068419127631
0f9e60a8e56d,78914,onset,0.054056823781349315
0f9e60a8e56d,79032,wakeup,0.06612283019118506
0f9e60a8e56d,80608,onset,0.08495281031926623
0f9e60a8e56d,81036,wakeup,0.0742806841912763
0f9e60a8e56d,96194,onset,0.054056823781349315
0f9e60a8e56d,96312,wakeup,0.06612283019118505
0f9e60a8e56d,97888,onset,0.08495281031926624
0f9e60a8e56d,98316,wakeup,0.07428068419127631
0f9e60a8e56d,113474,onset,0.054056823781349315
0f9e60a8e56d,113592,wakeup,0.06612283019118506
0f9e60a8e56d,115168,onset,0.08495281031926623
0f9e60a8e56d,115596,wakeup,0.0742806841912763
0f9e60a8e56d,130754,onset,0.054056823781349315
0f9e60a8e56d,130872,wakeup,0.06612283019118505
0f9e60a8e56d,132448,onset,0.08495281031926624
0f9e60a8e56d,132876,wakeup,0.07428068419127631
0f9e60a8e56d,148034,onset,0.054056823781349315
0f9e60a8e56d,148152,wakeup,0.06612283019118506
0f9e60a8e56d,149728,onset,0.08495281031926623
0f9e60a8e56d,150156,wakeup,0.0742806841912763
0f9e60a8e56d,152640,onset,0.1838415082938944
0f9e60a8e56d,153068,wakeup,0.071798685575716
0f9e60a8e56d,153070,onset,0.07046164516610187
0f9e60a8e56d,153071,wakeup,0.06944221064090107
0f9e60a8e56d,153079,onset,0.06078271705732755
0f9e60a8e56d,153109,wakeup,0.036515481542394965
0f9e60a8e56d,165314,onset,0.05405682378134933
0f9e60a8e56d,165432,wakeup,0.06612283019118506
0f9e60a8e56d,167008,onset,0.08495281031926623
0f9e60a8e56d,167436,wakeup,0.0742806841912763
0f9e60a8e56d,182594,onset,0.054056823781349315
0f9e60a8e56d,182712,wakeup,0.06612283019118506
0f9e60a8e56d,184288,onset,0.08495281031926623
0f9e60a8e56d,184716,wakeup,0.0742806841912763
0f9e60a8e56d,199874,onset,0.05405682378134933
0f9e60a8e56d,199992,wakeup,0.06612283019118506
0f9e60a8e56d,201568,onset,0.08495281031926623
0f9e60a8e56d,201996,wakeup,0.0742806841912763
0f9e60a8e56d,217154,onset,0.054056823781349315
0f9e60a8e56d,217272,wakeup,0.06612283019118506
0f9e60a8e56d,218848,onset,0.08495281031926623
0f9e60a8e56d,219276,wakeup,0.0742806841912763
0f9e60a8e56d,232196,onset,0.32026759302121616
0f9e60a8e56d,238738,wakeup,0.2692930336893078
0f9e60a8e56d,249972,onset,0.25829097901446085
0f9e60a8e56d,255883,wakeup,0.194744762963406
0f9e60a8e56d,266240,onset,0.2730088927295941
0f9e60a8e56d,266614,wakeup,0.24891118653043973
c7b1283bb7eb,6057,onset,0.17873397549200037
c7b1283bb7eb,6149,wakeup,0.1974828279087355
c7b1283bb7eb,12816,onset,0.22013593391031674
c7b1283bb7eb,12972,wakeup,0.2803902093196441
c7b1283bb7eb,23732,onset,0.30432059050434246
c7b1283bb7eb,23844,wakeup,0.26502969349351335
c7b1283bb7eb,23887,onset,0.2506389721661941
c7b1283bb7eb,23950,wakeup,0.23118303765068896
c7b1283bb7eb,29601,onset,0.019773046374281438
c7b1283bb7eb,30055,wakeup,0.21208069741447355
89c7daa72eee,8140,onset,0.3738689493566706
89c7daa72eee,8719,wakeup,0.1288557881550054
89c7daa72eee,31754,onset,0.2474248715611326
89c7daa72eee,31871,wakeup,0.3199461687960502
89c7daa72eee,358855,onset,0.018722724378307357
89c7daa72eee,359128,wakeup,0.2757067592881562
89c7daa72eee,370390,onset,0.059684964673815066
89c7daa72eee,371025,wakeup,0.1229422907733997
89c7daa72eee,376398,onset,0.062309173651715094
89c7daa72eee,376431,wakeup,0.09941929024007075
89c7daa72eee,393596,onset,0.03202994037140139
89c7daa72eee,393928,wakeup,0.21168386878279524
89c7daa72eee,395023,onset,0.31817022093300285
89c7daa72eee,395325,wakeup,0.2970164039131092
390b487231ce,55857,onset,0.27539892928457066
390b487231ce,56248,wakeup,0.2503315870935406
390b487231ce,200688,onset,0.10805549516739275
390b487231ce,201009,wakeup,0.19946415122477168
390b487231ce,369407,onset,0.3022215245567934
390b487231ce,369905,wakeup,0.06434078746459554
390b487231ce,386326,onset,0.29514019576998557
390b487231ce,386773,wakeup,0.07325329179306746
390b487231ce,387156,onset,0.07864741859445021
390b487231ce,387476,wakeup,0.04037440397473479
a3e59c2ce3f6,25263,onset,0.3073082820518112
a3e59c2ce3f6,25427,wakeup,0.1425514408910075
a3e59c2ce3f6,153188,onset,0.06145929311601907
a3e59c2ce3f6,153295,wakeup,0.06904523075748362
a3e59c2ce3f6,239405,onset,0.08480278378028762
a3e59c2ce3f6,239634,wakeup,0.1121853859595272
a3e59c2ce3f6,256850,onset,0.06950875752724982
a3e59c2ce3f6,257009,wakeup,0.1605848197773384
e11b9d69f856,4803,onset,0.08122315917568325
e11b9d69f856,4839,wakeup,0.07021127802860021
e11b9d69f856,4841,onset,0.07054744078105575
e11b9d69f856,4846,wakeup,0.07051555277304859
e11b9d69f856,10184,onset,0.09051022835977156
e11b9d69f856,10188,wakeup,0.08963581161808314
e11b9d69f856,114975,onset,0.34457632828922713
e11b9d69f856,115178,wakeup,0.30646223622900837
e11b9d69f856,130901,onset,0.056483655703982526
e11b9d69f856,131299,wakeup,0.15143656832218674
e11b9d69f856,132389,onset,0.32938967185755785
e11b9d69f856,132460,wakeup,0.3192698594285051
e11b9d69f856,175872,onset,0.1352484117405698
e11b9d69f856,175892,wakeup,0.14021309217114988
e11b9d69f856,175915,onset,0.1495943315508968
e11b9d69f856,177027,wakeup,0.128097895044766
e11b9d69f856,182481,onset,0.03208324995603289
e11b9d69f856,183349,wakeup,0.26286476193454567
e11b9d69f856,184210,onset,0.16410341565295966
e11b9d69f856,184270,wakeup,0.13469776620408225
e11b9d69f856,201424,onset,0.2541319959281088
e11b9d69f856,201673,wakeup,0.24560502225654585
e11b9d69f856,251505,onset,0.03597714820192128
e11b9d69f856,252130,wakeup,0.28357991033109065
e11b9d69f856,321263,onset,0.06282687243951675
e11b9d69f856,321410,wakeup,0.14772321800302507
e11b9d69f856,338241,onset,0.057028448783756104
e11b9d69f856,338703,wakeup,0.27070662930538153
e11b9d69f856,355463,onset,0.025503922580205323
e11b9d69f856,355914,wakeup,0.26329081127631915
e11b9d69f856,356975,onset,0.28040754505986465
e11b9d69f856,357111,wakeup,0.23513533052221275
e11b9d69f856,372805,onset,0.040335425185567576
e11b9d69f856,372858,wakeup,0.03254241800092445
2fc653ca75c7,44806,onset,0.33532122544790066
2fc653ca75c7,44880,wakeup,0.25827323227210774
2fc653ca75c7,95766,onset,0.37232547102994645
2fc653ca75c7,96189,wakeup,0.35213354880826553
2fc653ca75c7,146334,onset,0.25079892537644105
2fc653ca75c7,146580,wakeup,0.13456566154107244
2fc653ca75c7,146810,onset,0.0919959244800718
2fc653ca75c7,146847,wakeup,0.09731852435410908
2fc653ca75c7,147581,onset,0.1915328393412073
2fc653ca75c7,148153,wakeup,0.02488025868519095
2fc653ca75c7,148606,onset,0.035487740832983575
2fc653ca75c7,148798,wakeup,0.04817891594725036
2fc653ca75c7,341301,onset,0.11211194865468439
2fc653ca75c7,341774,wakeup,0.22249833523802684
2fc653ca75c7,341816,onset,0.21028569257048618
2fc653ca75c7,342484,wakeup,0.14557085125995364
2fc653ca75c7,343148,onset,0.17399917852593022
2fc653ca75c7,343164,wakeup,0.1736375329738591
2fc653ca75c7,343199,onset,0.1773169016311149
2fc653ca75c7,343233,wakeup,0.17221329996714982
